Index,Open,High,Low,Close,Volume
2013-11-07,45.1,50.0,44.0,44.9,36774336
2013-11-08,46.0,46.9,40.69,41.65,4695902
2013-11-11,40.45,43.0,39.41,42.9,2771600
2013-11-12,43.57,43.58,41.84,41.9,968968
2013-11-13,41.1,42.86,40.76,42.6,1945774
2013-11-14,42.31,45.66,42.3,44.69,1543577
2013-11-15,45.27,45.27,43.45,43.98,990888
2013-11-18,43.5,43.94,40.86,41.14,1614908
2013-11-19,41.3,41.9,40.0,41.75,1117699
2013-11-20,41.4,41.75,40.51,41.05,774141
2013-11-21,41.24,42.48,40.38,42.06,1027780
2013-11-22,41.81,42.25,40.97,41.0,632431
2013-11-25,40.93,41.08,38.8,39.06,1733857
2013-11-26,39.12,40.55,38.93,40.18,1281826
2013-11-27,40.47,41.4,40.39,40.9,718499
2013-11-29,41.4,41.58,40.95,41.57,549754
2013-12-02,41.75,42.0,40.42,40.78,998162
2013-12-03,40.69,41.6,40.59,41.37,916547
2013-12-04,41.35,43.9,41.3,43.69,1391778
2013-12-05,43.5,46.34,42.83,45.62,1790712
2013-12-06,45.75,45.8,44.55,44.95,997772
2013-12-09,45.48,49.84,45.07,49.14,2472473
2013-12-10,48.9,52.58,48.7,51.99,3395362
2013-12-11,52.39,53.87,51.0,52.34,2426556
2013-12-12,52.23,55.87,50.7,55.33,2551133
2013-12-13,56.25,59.41,55.46,59.0,3187073
2013-12-16,58.03,60.2,55.77,56.61,3814832
2013-12-17,57.3,57.3,54.62,56.45,2166122
2013-12-18,57.0,57.0,54.23,55.51,1636943
2013-12-19,55.23,57.74,55.0,57.49,1205730
2013-12-20,58.67,60.25,58.01,60.01,5265699
2013-12-23,60.25,64.99,59.7,64.54,2014918
2013-12-24,66.31,70.84,65.56,69.96,2596558
2013-12-26,72.65,74.73,69.14,73.31,5819384
2013-12-27,70.01,71.21,63.69,63.75,4160533
2013-12-30,60.03,63.71,58.57,60.51,3958696
2013-12-31,62.43,65.22,61.7,63.65,1595591
2014-01-02,65.0,67.5,64.4,67.5,1583390
2014-01-03,68.81,70.43,68.47,69.0,2139572
2014-01-06,65.0,66.85,63.5,66.29,1489830
2014-01-07,67.73,67.73,61.4,61.46,2980932
2014-01-08,58.72,61.25,57.95,59.29,2213561
2014-01-09,59.34,60.81,55.59,57.05,2013880
2014-01-10,57.58,58.76,55.88,57.0,1602723
2014-01-13,60.0,60.38,57.3,57.82,1610289
2014-01-14,58.98,59.0,57.39,58.21,785693
2014-01-15,59.11,61.75,58.33,61.57,1367283
2014-01-16,61.51,62.4,60.46,60.57,1090708
2014-01-17,63.54,64.69,61.59,62.2,2103015
2014-01-21,63.44,63.44,61.51,62.53,1531688
2014-01-22,62.87,63.78,61.77,62.44,1247118
2014-01-23,61.17,62.81,60.88,62.8,933392
2014-01-24,62.2,63.62,61.3,61.74,1182009
2014-01-27,61.6,61.71,56.1,57.91,1632826
2014-01-28,57.48,60.85,57.43,60.44,760337
2014-01-29,59.72,60.94,58.61,59.45,616368
2014-01-30,63.95,65.24,62.85,63.47,1586783
2014-01-31,63.47,65.37,62.67,64.5,1128037
2014-02-03,66.0,66.47,64.24,65.25,1990948
2014-02-04,66.1,66.37,64.6,66.32,1132899
2014-02-05,67.18,67.2,64.81,65.97,1822154
2014-02-06,50.59,53.9,50.0,50.03,5661906
2014-02-07,51.3,54.92,50.75,54.35,2810328
2014-02-10,54.5,54.56,52.35,52.92,1398598
2014-02-11,53.31,54.4,53.1,54.0,1493377
2014-02-12,55.15,57.0,54.76,56.85,2068300
2014-02-13,56.15,58.96,55.48,56.47,2512967
2014-02-14,57.0,57.86,56.7,57.44,1177387
2014-02-18,58.0,58.64,56.77,58.18,1131128
2014-02-19,58.24,58.95,54.63,55.5,2089165
2014-02-20,55.63,57.07,54.65,56.63,1184062
2014-02-21,57.1,57.17,55.7,55.92,696831
2014-02-24,56.03,56.43,55.32,55.78,854143
2014-02-25,55.95,55.95,54.5,54.96,739153
2014-02-26,54.92,56.98,54.9,55.87,906861
2014-02-27,56.32,56.69,55.4,55.77,546747
2014-02-28,56.0,56.0,54.14,54.91,790151
2014-03-03,53.8,54.4,52.9,53.71,881592
2014-03-04,54.32,55.27,54.13,54.28,581387
2014-03-05,54.34,55.03,53.76,54.38,506544
2014-03-06,55.14,56.06,54.71,54.83,902797
2014-03-07,55.0,55.2,53.31,53.53,725762
2014-03-10,54.11,54.59,53.38,53.88,493378
2014-03-11,54.01,55.82,53.8,54.02,963526
2014-03-12,54.2,55.3,53.89,54.5,646479
2014-03-13,54.75,55.43,53.2,53.57,848094
2014-03-14,53.44,53.89,51.8,51.92,655628
2014-03-17,52.09,52.49,51.36,52.05,493210
2014-03-18,52.03,52.09,50.29,51.13,909171
2014-03-19,50.74,51.98,50.71,51.24,695780
2014-03-20,51.0,51.66,49.65,50.12,871755
2014-03-21,50.28,50.92,49.53,50.92,2865587
2014-03-24,50.72,50.72,47.8,48.77,1091949
2014-03-25,49.38,49.7,47.6,47.88,677159
2014-03-26,48.04,48.3,44.25,44.43,1593150
2014-03-27,45.0,46.4,43.33,46.32,1790092
2014-03-28,46.71,47.33,45.72,47.3,1000351
2014-03-31,47.5,47.75,46.44,46.67,746510
2014-04-01,46.71,47.58,46.18,46.98,897765
2014-04-02,47.4,47.42,45.51,45.73,829716
2014-04-03,45.47,45.58,43.39,44.05,974199
2014-04-04,44.2,44.87,42.38,43.14,1391204
2014-04-07,42.83,44.58,42.26,42.45,1133267
2014-04-08,43.0,43.25,41.55,41.78,1563168
2014-04-09,42.15,43.05,41.78,42.49,1257595
2014-04-10,42.74,43.24,40.95,41.34,1113340
2014-04-11,40.77,41.08,39.69,40.05,1067403
2014-04-14,41.2,41.56,40.12,40.87,1016315
2014-04-15,41.19,45.55,40.8,45.52,2326819
2014-04-16,45.45,45.55,43.55,44.42,1421776
2014-04-17,44.47,46.54,43.92,45.01,1024535
2014-04-21,45.06,46.3,44.67,46.13,515459
2014-04-22,46.29,47.09,45.8,46.02,832538
2014-04-23,45.82,46.17,44.87,45.95,772945
2014-04-24,46.73,46.73,43.65,44.82,1220235
2014-04-25,44.43,44.43,41.31,41.61,1312793
2014-04-28,41.8,42.3,39.31,40.73,1101172
2014-04-29,40.61,43.94,40.18,42.62,1592461
2014-04-30,37.8,38.98,37.25,38.97,3244983
2014-05-01,39.04,40.76,38.97,39.09,1197864
2014-05-02,39.2,39.86,38.72,39.02,1228290
2014-05-05,38.54,39.59,38.05,38.75,981427
2014-05-06,35.5,36.1,31.72,31.85,12471147
2014-05-07,32.0,32.0,29.51,30.66,6165252
2014-05-08,31.44,32.98,31.13,31.96,4145338
2014-05-09,32.18,33.1,31.75,32.05,2529434
2014-05-12,33.01,34.1,32.4,33.94,2873970
2014-05-13,33.85,34.04,32.89,33.39,2103065
2014-05-14,33.3,33.83,32.62,32.85,1817349
2014-05-15,33.0,33.29,32.16,32.77,2500927
2014-05-16,32.96,33.21,32.02,32.26,2072671
2014-05-19,32.0,32.44,31.66,32.07,1768627
2014-05-20,31.99,32.38,31.52,31.77,1933416
2014-05-21,31.81,31.93,31.15,31.75,1636315
2014-05-22,31.25,32.24,30.52,31.52,3258549
2014-05-23,31.51,31.68,30.45,30.5,2390559
2014-05-27,31.0,31.2,30.38,30.51,2231754
2014-05-28,31.49,33.84,31.09,33.77,5892906
2014-05-29,34.7,35.13,33.88,34.0,5141428
2014-05-30,33.7,33.86,32.12,32.44,5021976
2014-06-02,32.9,33.2,31.63,31.75,2552609
2014-06-03,31.7,32.69,31.65,32.58,1976870
2014-06-04,32.42,33.32,31.85,32.9,2144992
2014-06-05,33.62,34.89,33.11,33.89,3128330
2014-06-06,34.09,34.41,33.22,33.33,1909635
2014-06-09,33.23,34.55,33.09,34.47,2183980
2014-06-10,34.66,35.5,34.66,35.37,3108695
2014-06-11,35.02,35.97,34.93,35.54,2536197
2014-06-12,35.2,37.27,35.2,36.79,5631132
2014-06-13,36.8,37.25,35.91,36.9,2816355
2014-06-16,36.75,38.16,36.44,38.02,2882238
2014-06-17,38.0,38.55,37.3,38.02,2710657
2014-06-18,38.16,38.83,37.75,38.74,2782943
2014-06-19,38.76,39.3,38.33,38.9,3807030
2014-06-20,38.82,39.24,37.81,39.24,12691800
2014-06-23,39.0,39.58,38.74,39.52,1607029
2014-06-24,39.5,39.64,38.26,38.48,2548146
2014-06-25,38.3,39.59,38.03,39.46,2363124
2014-06-26,40.0,42.0,39.81,41.44,4165589
2014-06-27,40.7,41.15,40.11,40.93,15292040
2014-06-30,40.82,41.33,40.35,40.97,2400165
2014-07-01,42.01,42.95,41.91,42.05,4342358
2014-07-02,42.8,42.81,41.42,41.77,2393344
2014-07-03,41.92,42.0,40.83,41.33,1853350
2014-07-07,41.1,41.45,40.15,40.23,2635996
2014-07-08,40.0,40.0,36.84,37.41,4392247
2014-07-09,38.0,38.35,37.37,38.06,2743795
2014-07-10,36.5,38.1,36.12,37.84,2771174
2014-07-11,38.08,38.78,38.01,38.33,2409860
2014-07-14,38.67,39.37,38.2,38.31,2143959
2014-07-15,38.6,38.98,37.63,37.88,2391099
2014-07-16,38.14,38.52,37.1,37.43,2667702
2014-07-17,36.84,37.16,36.39,36.87,2364426
2014-07-18,36.71,37.08,35.95,37.05,5279171
2014-07-21,37.26,38.29,36.88,38.05,2487920
2014-07-22,38.3,38.58,37.45,37.65,1851914
2014-07-23,37.65,38.19,37.58,37.75,1273455
2014-07-24,38.66,39.0,37.85,38.71,2059328
2014-07-25,38.22,38.79,38.02,38.16,1342147
2014-07-28,38.29,38.44,37.56,37.93,1431539
2014-07-29,38.17,38.91,37.99,38.59,2054501
2014-07-30,46.9,48.0,45.65,46.3,10492790
2014-07-31,44.56,45.84,44.3,45.19,5354274
2014-08-01,45.0,45.54,43.82,44.13,3259399
2014-08-04,43.77,44.53,43.44,43.47,2215016
2014-08-05,43.25,44.48,43.02,43.83,2279581
2014-08-06,43.25,44.04,42.75,43.46,1805712
2014-08-07,43.35,44.36,42.89,43.0,2485710
2014-08-08,43.0,43.36,42.51,43.13,1443703
2014-08-11,43.47,43.6,42.72,43.27,1487995
2014-08-12,44.34,44.72,43.61,43.81,2457606
2014-08-13,44.0,44.34,43.63,44.15,1636702
2014-08-14,44.35,45.33,44.35,45.33,2292010
2014-08-15,45.45,45.5,44.45,44.76,1690634
2014-08-18,45.08,45.33,44.78,45.12,1617383
2014-08-19,45.25,45.44,45.03,45.09,1267648
2014-08-20,45.0,45.21,44.77,45.06,829049
2014-08-21,45.26,45.35,44.84,45.11,1427088
2014-08-22,45.04,46.14,44.8,45.98,1753553
2014-08-25,46.11,46.35,45.7,46.1,2139547
2014-08-26,46.1,48.2,46.04,48.17,2990608
2014-08-27,48.25,48.46,47.18,48.06,2896308
2014-08-28,48.05,49.88,47.88,49.43,3726656
2014-08-29,49.89,50.35,49.14,49.75,6824753
2014-09-02,50.0,51.34,49.9,51.02,2790621
2014-09-03,51.83,51.85,49.05,49.33,3184921
2014-09-04,49.62,50.86,49.23,50.24,2457677
2014-09-05,50.0,50.88,49.53,50.7,1985405
2014-09-08,51.75,52.68,51.68,52.0,2964444
2014-09-09,52.25,52.39,50.22,50.61,1864469
2014-09-10,52.12,53.32,51.86,52.91,2325213
2014-09-11,52.52,53.64,52.19,52.64,3777853
2014-09-12,52.53,52.82,52.03,52.11,2172950
2014-09-15,51.6,51.92,47.56,49.38,4007106
2014-09-16,48.73,50.91,48.41,50.83,2941476
2014-09-17,50.9,51.6,50.17,50.7,2791894
2014-09-18,50.96,51.88,50.53,50.88,2296012
2014-09-19,50.99,53.0,50.19,53.0,16540148
2014-09-22,52.25,52.9,51.36,51.94,3199409
2014-09-23,51.5,52.56,51.02,52.17,2401493
2014-09-24,52.52,53.34,52.13,52.96,1985169
2014-09-25,52.71,53.23,51.28,51.45,2270250
2014-09-26,51.86,52.61,51.7,51.89,1405152
2014-09-29,51.0,52.17,50.88,51.74,1972311
2014-09-30,52.0,52.18,51.17,51.58,1451034
2014-10-01,51.1,51.28,49.15,50.06,2389900
2014-10-02,51.0,52.1,50.01,51.85,3296160
2014-10-03,52.78,54.73,52.12,53.94,3131500
2014-10-06,53.94,54.44,53.23,53.49,2025498
2014-10-07,53.19,54.99,53.14,53.53,3408096
2014-10-08,53.6,55.66,52.6,55.42,3944430
2014-10-09,55.28,55.99,54.92,55.29,3656942
2014-10-10,54.5,55.66,50.3,50.4,4617388
2014-10-13,50.53,51.9,48.26,48.49,3757930
2014-10-14,49.06,49.53,47.1,48.58,3721874
2014-10-15,46.93,50.52,46.39,49.99,3613097
2014-10-16,48.5,49.81,47.17,48.23,3539011
2014-10-17,49.82,50.24,48.65,48.77,5061785
2014-10-20,49.04,50.89,48.81,50.7,2086972
2014-10-21,51.78,52.15,50.3,50.63,2838596
2014-10-22,51.1,51.83,49.0,49.08,3186330
2014-10-23,50.17,50.4,49.2,49.67,3318799
2014-10-24,50.19,50.19,49.15,49.95,1759859
2014-10-27,50.0,50.23,48.25,48.56,4364728
2014-10-28,42.15,44.58,41.77,43.78,8896658
2014-10-29,43.81,43.91,41.81,42.08,5438663
2014-10-30,41.5,42.47,39.94,41.8,4593341
2014-10-31,42.6,42.81,41.34,41.47,2852866
2014-11-03,40.51,41.2,40.16,40.21,4968598
2014-11-04,40.0,41.1,39.75,40.9,3365902
2014-11-05,41.67,41.8,40.14,40.37,2759247
2014-11-06,40.13,41.34,40.1,40.84,2064983
2014-11-07,40.5,40.54,39.7,40.31,2651366
2014-11-10,40.35,40.69,39.42,39.59,3283367
2014-11-11,39.4,39.84,38.81,39.59,2876074
2014-11-12,39.97,42.93,39.61,42.54,5733150
2014-11-13,43.54,43.95,39.95,40.04,8126701
2014-11-14,40.0,41.85,39.77,41.85,5142893
2014-11-17,41.43,41.67,40.42,40.47,2587067
2014-11-18,40.65,41.17,39.95,40.61,2423391
2014-11-19,40.24,40.47,39.22,39.71,2599973
2014-11-20,39.53,40.55,39.32,39.81,2098670
2014-11-21,40.15,40.28,39.8,40.03,2015563
2014-11-24,40.0,40.47,39.58,40.19,1982463
2014-11-25,40.11,40.3,39.56,39.76,3211235
2014-11-26,39.86,41.56,39.74,41.13,3424986
2014-11-28,41.06,42.08,40.83,41.74,2104719
2014-12-01,41.25,41.28,39.02,39.04,3329724
2014-12-02,39.39,39.4,38.33,38.91,2717447
2014-12-03,39.0,39.42,38.4,39.06,1645100
2014-12-04,38.8,39.66,38.62,38.79,1819921
2014-12-05,38.91,39.07,38.35,38.49,1741772
2014-12-08,38.09,38.1,35.76,36.29,3892683
2014-12-09,35.0,37.08,34.65,37.05,2802242
2014-12-10,36.91,37.78,36.26,36.35,2568980
2014-12-11,36.47,37.23,36.25,36.7,2860332
2014-12-12,36.31,37.7,36.1,37.1,2427872
2014-12-15,38.14,38.37,36.74,36.85,2552507
2014-12-16,36.5,36.71,35.1,35.13,2421104
2014-12-17,35.59,35.89,34.99,35.57,2262964
2014-12-18,36.16,37.26,35.95,36.73,2499340
2014-12-19,36.7,37.45,36.5,37.08,4612941
2014-12-22,37.5,38.82,37.32,38.43,2849763
2014-12-23,38.6,39.24,37.46,37.57,2683219
2014-12-24,37.65,38.35,37.57,37.61,943735
2014-12-26,37.76,38.1,37.54,37.6,1182513
2014-12-29,37.39,37.5,36.38,36.42,2185574
2014-12-30,36.0,36.24,35.47,35.86,2952391
2014-12-31,35.91,36.48,35.47,35.87,2322205
2015-01-02,36.25,36.74,35.55,36.56,1713697
2015-01-05,36.2,37.11,35.64,36.38,2128602
2015-01-06,36.27,39.45,36.06,38.76,4031604
2015-01-07,39.0,39.0,37.07,37.28,3353738
2015-01-08,37.36,39.19,37.1,39.09,2646356
2015-01-09,39.13,40.34,38.26,40.17,3482447
2015-01-12,40.24,40.95,39.3,39.37,4214217
2015-01-13,39.75,40.35,39.23,39.65,3044094
2015-01-14,38.91,40.18,38.9,39.85,2257508
2015-01-15,39.53,39.65,36.86,36.93,3163083
2015-01-16,37.2,38.13,36.85,37.31,2517521
2015-01-20,37.51,38.14,36.55,37.57,2968108
2015-01-21,37.57,38.27,37.34,37.83,2227786
2015-01-22,37.98,39.25,37.55,39.07,2818383
2015-01-23,39.35,39.97,38.78,39.42,3008449
2015-01-26,39.35,40.12,39.05,40.1,2344236
2015-01-27,39.55,39.6,38.38,38.92,2124291
2015-01-28,38.57,38.78,37.03,37.15,3002235
2015-01-29,37.45,37.56,36.07,36.68,2230862
2015-01-30,36.7,38.15,36.41,37.53,2837324
2015-02-02,37.65,38.07,36.92,37.46,1994475
2015-02-03,38.0,40.19,37.7,39.79,4412355
2015-02-04,40.08,40.83,39.82,40.72,3227988
2015-02-05,42.0,42.46,40.91,41.26,5708574
2015-02-06,46.0,48.5,45.8,48.01,14506062
2015-02-09,46.76,47.69,46.5,47.32,5694773
2015-02-10,47.34,47.39,45.57,46.26,5033194
2015-02-11,46.43,47.77,46.11,47.5,3874988
2015-02-12,48.0,48.44,46.88,47.95,3265626
2015-02-13,47.93,48.81,47.58,48.5,3028084
2015-02-17,48.23,49.09,47.89,48.03,3213580
2015-02-18,48.0,48.78,47.37,47.82,2585857
2015-02-19,47.84,48.94,47.42,48.7,3207145
2015-02-20,48.73,49.88,48.65,49.11,3413761
2015-02-23,49.01,49.24,48.35,48.47,2511356
2015-02-24,48.31,49.3,48.07,48.69,2157052
2015-02-25,48.88,49.18,48.26,48.55,1807203
2015-02-26,49.0,50.01,48.64,49.41,3952035
2015-02-27,49.3,49.9,47.96,48.08,2857777
2015-03-02,48.27,48.3,47.32,48.15,1747599
2015-03-03,48.13,48.79,47.44,47.71,2447401
2015-03-04,47.51,47.84,46.42,47.57,2065432
2015-03-05,47.61,48.43,47.2,47.35,2159318
2015-03-06,47.29,48.07,46.58,46.75,1706456
2015-03-09,47.24,48.08,47.14,47.59,2154610
2015-03-10,47.23,47.25,45.79,45.84,2066446
2015-03-11,45.71,46.73,45.13,46.27,1970416
2015-03-12,46.55,47.32,46.54,47.07,2670986
2015-03-13,46.94,47.7,46.46,46.66,1844537
2015-03-16,46.9,47.05,46.06,46.43,1652264
2015-03-17,46.66,47.29,46.45,46.93,1573113
2015-03-18,46.75,47.38,46.17,47.2,1641544
2015-03-19,46.97,48.14,46.45,47.93,2296243
2015-03-20,48.37,49.15,48.27,48.44,2822780
2015-03-23,48.23,49.25,47.87,48.46,2465050
2015-03-24,48.58,51.79,48.55,51.47,4105356
2015-03-25,51.5,51.85,49.31,49.5,4604812
2015-03-26,49.6,50.9,49.4,49.92,2635308
2015-03-27,50.39,50.89,49.95,50.01,2044148
2015-03-30,50.4,50.7,48.66,49.89,2512781
2015-03-31,49.6,51.24,49.55,50.08,3704079
2015-04-01,51.0,51.68,50.17,50.47,3552358
2015-04-02,50.64,50.95,49.88,50.42,2224461
2015-04-06,49.92,51.16,49.87,50.84,3807454
2015-04-07,50.99,53.28,50.86,52.87,5423724
2015-04-08,53.33,53.48,51.96,52.3,3564776
2015-04-09,52.15,52.99,51.55,52.17,2594487
2015-04-10,52.35,52.44,51.38,51.94,1821450
2015-04-13,52.0,52.29,51.45,51.62,2035636
2015-04-14,51.75,51.81,50.68,51.2,1621865
2015-04-15,51.35,51.85,50.91,51.3,1973193
2015-04-16,51.3,52.34,51.14,52.03,2280985
2015-04-17,51.65,52.16,50.19,50.66,2631090
2015-04-20,51.08,51.48,50.51,51.4,1636669
2015-04-21,51.7,51.85,51.1,51.32,1216587
2015-04-22,51.5,52.09,51.33,51.73,1815784
2015-04-23,51.85,52.2,51.23,51.41,1666084
2015-04-24,51.85,51.95,50.25,50.82,2193856
2015-04-27,50.85,52.54,50.85,51.66,3941131
2015-04-28,52.1,52.22,39.21,42.27,10235795
2015-04-29,40.22,41.09,38.07,38.49,14212824
2015-04-30,39.25,39.74,38.48,38.96,6042444
2015-05-01,39.15,39.24,37.37,37.84,4799836
2015-05-04,38.7,38.96,37.56,37.88,3653988
2015-05-05,37.98,38.6,37.36,37.42,3490760
2015-05-06,37.65,37.77,36.52,37.26,5106158
2015-05-07,37.19,37.88,36.95,37.71,3158574
2015-05-08,38.01,38.2,37.55,37.59,2384775
2015-05-11,37.5,37.86,37.2,37.31,1698383
2015-05-12,37.35,37.8,37.07,37.48,1918789
2015-05-13,37.67,38.2,37.53,37.72,2320756
2015-05-14,38.0,38.09,37.27,37.33,2476979
2015-05-15,37.38,37.79,37.02,37.1,2716953
2015-05-18,37.1,37.57,36.9,37.28,1940182
2015-05-19,37.1,37.87,36.9,37.5,4440253
2015-05-20,37.49,37.94,36.54,36.78,3709134
2015-05-21,36.8,36.93,36.4,36.68,3475891
2015-05-22,36.7,36.97,36.57,36.6,1923669
2015-05-26,36.71,36.83,36.37,36.51,3186022
2015-05-27,36.46,36.65,36.1,36.41,2613994
2015-05-28,36.51,37.32,36.38,36.83,3601852
2015-05-29,37.0,37.07,36.53,36.67,5124967
2015-06-01,36.68,36.83,36.43,36.63,2357657
2015-06-02,36.47,36.6,36.16,36.4,2469655
2015-06-03,36.53,37.17,36.51,37.0,2479455
2015-06-04,37.12,37.79,36.51,36.71,4531332
2015-06-05,36.77,37.23,36.65,37.0,2291279
2015-06-08,36.9,36.98,36.41,36.46,2070556
2015-06-09,36.5,36.5,35.57,35.88,2946033
2015-06-10,36.02,36.16,35.61,35.85,2187106
2015-06-11,35.95,36.17,35.79,35.84,1505419
2015-06-12,36.88,37.25,35.55,35.9,9594900
2015-06-15,35.2,35.2,34.31,34.67,5793701
2015-06-16,34.21,35.2,33.51,34.82,7638423
2015-06-17,35.0,35.12,34.17,34.69,4216556
2015-06-18,34.63,35.04,34.45,34.66,2886546
2015-06-19,34.94,36.28,34.86,35.86,6485729
2015-06-22,35.86,35.92,35.34,35.55,3621557
2015-06-23,35.81,36.2,34.96,35.37,3767896
2015-06-24,35.39,35.75,35.11,35.17,2278154
2015-06-25,35.3,35.34,34.97,35.17,2246304
2015-06-26,34.96,35.33,34.67,35.26,4645416
2015-06-29,34.47,35.08,34.16,34.21,2614504
2015-06-30,34.46,36.42,34.44,36.22,4802705
2015-07-01,35.88,36.11,35.24,35.4,3346725
2015-07-02,35.4,35.96,35.1,35.72,2869497
2015-07-06,35.17,35.69,35.0,35.43,2032705
2015-07-07,35.35,35.71,34.55,35.52,2175723
2015-07-08,35.43,36.05,34.68,34.76,1125464
2015-07-09,35.17,35.43,34.32,34.36,2928462
2015-07-10,34.7,35.11,34.47,34.91,1642598
2015-07-13,34.98,36.13,34.76,35.78,1944963
2015-07-14,35.78,38.82,35.78,36.72,5902552
2015-07-15,36.67,37.09,35.55,35.66,3018679
2015-07-16,35.89,36.45,35.76,36.1,1818354
2015-07-17,36.58,36.58,35.61,35.67,2158316
2015-07-20,35.75,35.99,35.21,35.81,1489821
2015-07-21,35.79,36.75,35.72,36.63,1631441
2015-07-22,36.24,36.36,35.51,36.09,1672794
2015-07-23,35.98,36.72,35.96,36.19,1752539
2015-07-24,36.37,36.38,35.3,35.42,2221224
2015-07-27,35.06,35.15,33.88,34.7,3817419
2015-07-28,34.76,36.67,34.15,36.54,6274281
2015-07-29,32.68,33.24,31.07,31.24,11611383
2015-07-30,31.1,31.83,31.06,31.47,4364063
2015-07-31,31.38,31.62,30.85,31.01,3039327
2015-08-03,30.76,31.09,28.7,29.27,6679299
2015-08-04,29.1,29.9,28.9,29.34,3323361
2015-08-05,29.35,29.5,28.44,28.48,3373665
2015-08-06,28.4,28.4,27.24,27.54,3717012
2015-08-07,27.74,27.9,26.88,27.04,3133615
2015-08-10,28.1,29.63,27.82,29.5,6285201
2015-08-11,29.0,29.89,28.53,29.62,4589009
2015-08-12,29.09,29.49,28.52,29.39,3470216
2015-08-13,29.49,29.58,28.45,28.54,2431919
2015-08-14,28.5,29.26,28.45,29.06,3109683
2015-08-17,29.19,29.34,28.94,29.06,1624327
2015-08-18,28.9,28.99,28.3,28.3,1506558
2015-08-19,28.06,28.09,27.16,27.61,2467221
2015-08-20,27.27,27.47,25.92,26.0,3779948
2015-08-21,25.65,26.73,25.51,25.87,4131460
2015-08-24,23.13,26.23,21.01,25.17,6412768
2015-08-25,26.27,26.27,24.38,24.38,3487816
2015-08-26,24.82,25.29,23.84,25.03,4039403
2015-08-27,25.49,26.8,25.24,26.46,4129234
2015-08-28,26.19,26.92,26.08,26.83,2312761
2015-08-31,27.63,28.49,27.35,27.79,5349116
2015-09-01,27.19,28.11,26.77,27.03,3678147
2015-09-02,27.45,27.83,26.88,27.82,2665729
2015-09-03,28.0,29.0,27.81,28.3,3367701
2015-09-04,27.91,28.55,27.8,28.15,2271934
2015-09-08,28.09,28.15,27.01,27.18,4153118
2015-09-09,27.09,27.85,26.43,27.18,3517100
2015-09-10,27.09,27.82,26.95,27.71,2430519
2015-09-11,27.63,27.63,27.17,27.39,1684355
2015-09-14,27.25,27.54,26.8,26.9,2648750
2015-09-15,27.05,27.55,27.0,27.17,1658844
2015-09-16,27.15,28.0,27.01,27.75,2645848
2015-09-17,27.56,27.92,27.03,27.41,2167602
2015-09-18,27.04,28.24,27.0,27.96,5118017
2015-09-21,27.98,28.09,27.19,27.38,1823995
2015-09-22,27.02,27.48,26.62,26.83,2624587
2015-09-23,26.98,27.28,26.58,26.79,1481791
2015-09-24,26.5,26.64,25.4,26.6,3595873
2015-09-25,26.85,26.9,25.15,25.29,2507451
2015-09-28,25.0,25.61,24.6,25.26,3673077
2015-09-29,25.23,25.75,24.93,25.59,2346474
2015-09-30,25.99,27.33,25.88,26.94,4780206
2015-10-01,26.47,26.83,24.65,24.68,4711396
2015-10-02,24.49,26.47,24.34,26.31,4084302
2015-10-05,27.0,28.25,26.33,28.15,4585579
2015-10-06,28.15,28.4,26.75,27.62,4458615
2015-10-07,28.37,29.94,28.02,29.83,5298061
2015-10-08,29.52,31.5,29.04,30.32,5043392
2015-10-09,30.8,31.4,30.29,30.85,3734187
2015-10-12,30.31,30.77,28.6,28.75,4189264
2015-10-13,29.5,30.68,28.84,29.06,5876146
2015-10-14,29.42,29.82,28.38,29.38,3780141
2015-10-15,29.46,30.28,29.01,29.71,2827580
2015-10-16,30.06,31.4,29.37,31.15,6055178
2015-10-19,31.15,31.6,30.57,30.91,4062379
2015-10-20,30.89,31.39,30.41,30.91,2805987
2015-10-21,29.5,29.66,28.65,29.3,4716794
2015-10-22,29.27,29.79,28.75,29.15,3573970
2015-10-23,29.97,30.72,29.61,30.28,3822604
2015-10-26,30.6,31.22,30.48,30.89,2892709
2015-10-27,31.0,31.87,30.66,31.34,5371414
2015-10-28,28.4,31.34,27.77,30.87,12522249
2015-10-29,30.54,30.7,28.93,29.06,5599824
2015-10-30,29.13,29.57,28.35,28.46,3840729
2015-11-02,28.54,29.28,28.06,29.2,3084606
2015-11-03,29.09,29.63,29.04,29.13,2740367
2015-11-04,29.38,30.15,29.23,29.36,3084059
2015-11-05,29.5,29.55,28.46,28.66,2718977
2015-11-06,28.58,28.7,28.05,28.28,2424077
2015-11-09,28.11,28.21,26.68,27.09,3312228
2015-11-10,26.85,27.17,26.25,27.05,2385404
2015-11-11,27.08,27.11,26.37,26.5,2117002
2015-11-12,26.11,26.61,25.85,26.13,2332687
2015-11-13,25.9,26.16,25.16,25.18,2924635
2015-11-16,25.35,25.77,25.0,25.41,2343513
2015-11-17,25.52,25.69,24.9,25.23,2635662
2015-11-18,25.22,26.09,25.19,25.9,2505190
2015-11-19,25.96,26.57,25.93,26.32,2248771
2015-11-20,26.3,26.69,26.03,26.27,1972071
2015-11-23,26.15,26.27,25.02,25.2,3490535
2015-11-24,25.19,25.54,25.02,25.52,1879330
2015-11-25,25.6,26.4,25.59,26.06,1746845
2015-11-27,25.98,26.06,25.67,25.75,833174
2015-11-30,25.78,25.8,25.06,25.4,4474607
2015-12-01,25.39,25.58,25.0,25.53,2531524
2015-12-02,25.23,25.72,25.17,25.4,2573828
2015-12-03,25.48,26.06,24.91,25.9,4566578
2015-12-04,25.77,25.85,25.01,25.02,3053190
2015-12-07,25.0,25.16,24.13,24.46,3260232
2015-12-08,24.0,25.09,23.54,24.99,3875149
2015-12-09,24.88,24.94,24.19,24.31,2451626
2015-12-10,24.34,26.24,24.34,25.91,5247512
2015-12-11,25.87,26.19,24.8,24.84,4581723
2015-12-14,24.59,24.94,23.7,24.92,3570348
2015-12-15,24.58,24.69,23.7,23.95,4141402
2015-12-16,23.99,24.48,23.8,24.3,2965821
2015-12-17,24.47,24.75,23.29,23.31,2787276
2015-12-18,23.35,23.44,22.66,22.99,5703030
2015-12-21,23.01,23.04,21.99,22.14,3457333
2015-12-22,22.24,22.67,22.1,22.56,3113622
2015-12-23,22.68,22.95,22.37,22.67,2557801
2015-12-24,22.7,23.06,22.55,22.97,1257510
2015-12-28,22.92,23.32,22.5,22.53,2322812
2015-12-29,22.65,22.82,22.31,22.47,1855273
2015-12-30,22.47,22.94,22.21,22.23,2390816
2015-12-31,22.17,23.27,22.16,23.14,3171736
2016-01-04,22.54,22.83,22.11,22.56,3518005
2016-01-05,22.78,23.0,21.86,21.92,3808797
2016-01-06,21.6,22.18,21.19,21.39,2276547
2016-01-07,21.01,21.48,20.2,20.26,3644384
2016-01-08,20.55,20.72,19.6,19.98,3340148
2016-01-11,20.09,20.2,19.26,19.65,3387473
2016-01-12,19.87,20.41,19.33,19.62,2388458
2016-01-13,19.7,19.76,18.47,18.68,5901732
2016-01-14,18.5,19.16,17.27,19.0,5545715
2016-01-15,18.2,18.52,17.61,17.94,4425745
2016-01-19,18.16,18.16,16.44,16.69,3529162
2016-01-20,16.19,19.04,15.48,17.38,9576511
2016-01-21,17.38,18.32,16.8,17.83,3993388
2016-01-22,18.3,18.55,17.73,17.84,2467411
2016-01-25,16.83,17.45,16.51,17.02,4522242
2016-01-26,17.2,17.27,16.4,17.01,3459482
2016-01-27,17.01,17.61,16.78,16.78,2876718
2016-01-28,17.2,17.34,16.45,16.49,2864739
2016-01-29,16.64,17.07,16.51,16.8,4835811
2016-02-01,17.7,18.77,17.3,17.91,6356775
2016-02-02,17.18,17.27,16.02,16.08,4753979
2016-02-03,16.32,16.74,15.55,16.56,3526197
2016-02-04,16.4,17.17,16.3,16.91,3340586
2016-02-05,16.59,16.64,15.62,15.72,4655532
2016-02-08,15.51,15.52,14.73,14.9,4131229
2016-02-09,14.6,15.54,14.32,14.4,4116807
2016-02-10,14.66,15.27,14.54,14.98,4619954
2016-02-11,14.05,14.79,13.91,14.31,6099658
2016-02-12,14.54,15.94,14.54,15.88,5862968
2016-02-16,16.1,16.4,15.68,16.36,2959976
2016-02-17,16.47,17.6,16.47,17.46,4052445
2016-02-18,18.02,18.54,17.52,18.43,5020208
2016-02-19,18.11,18.88,17.78,18.31,4287054
2016-02-22,18.62,18.68,17.76,18.3,4541799
2016-02-23,18.63,18.96,18.1,18.3,5443542
2016-02-24,18.0,18.09,17.13,18.0,5361430
2016-02-25,17.95,17.95,17.31,17.59,3760491
2016-02-26,17.78,18.03,17.5,17.94,2664290
2016-02-29,17.96,18.57,17.79,18.12,3473717
2016-03-01,18.47,18.48,17.59,17.85,3051260
2016-03-02,17.9,18.73,17.72,18.54,2877650
2016-03-03,18.53,19.43,18.49,19.31,4268435
2016-03-04,19.45,20.32,19.07,19.36,5088615
2016-03-07,19.11,19.72,18.77,19.17,4752153
2016-03-08,19.07,19.11,18.33,18.33,3014740
2016-03-09,18.61,18.74,17.52,17.66,3972226
2016-03-10,17.69,17.77,16.39,16.61,6201336
2016-03-11,16.8,16.94,16.46,16.81,3868396
2016-03-14,16.81,17.32,16.79,17.12,2910099
2016-03-15,17.0,17.04,16.14,16.19,3287908
2016-03-16,16.33,16.77,16.13,16.7,3875986
2016-03-17,16.65,17.14,16.62,16.85,2989213
2016-03-18,17.09,17.37,16.77,16.85,5015255
2016-03-21,16.83,17.05,16.68,16.89,2651063
2016-03-22,16.73,17.01,16.7,16.86,1924386
2016-03-23,16.86,16.91,16.01,16.01,3537156
2016-03-24,15.94,15.98,15.57,15.91,3963354
2016-03-28,15.99,16.0,15.4,15.6,2271419
2016-03-29,15.62,15.99,15.34,15.97,3200493
2016-03-30,16.16,16.72,16.02,16.36,3109270
2016-03-31,16.36,16.84,16.22,16.55,3443916
2016-04-01,16.4,16.42,15.83,15.98,3791833
2016-04-04,16.0,17.54,15.96,17.09,6009615
2016-04-05,17.51,17.83,16.89,17.05,7609252
2016-04-06,17.06,17.48,16.91,17.26,4252993
2016-04-07,16.88,17.59,16.86,16.98,4857699
2016-04-08,17.12,17.25,16.41,16.65,3685955
2016-04-11,16.73,16.98,16.42,16.51,2519725
2016-04-12,16.52,16.76,16.16,16.57,3473702
2016-04-13,16.68,17.39,16.68,17.37,4364945
2016-04-14,17.37,17.7,17.14,17.53,2856137
2016-04-15,17.52,17.91,17.31,17.58,3863277
2016-04-18,17.71,17.72,17.06,17.31,3148902
2016-04-19,17.37,17.39,16.68,16.92,4324234
2016-04-20,16.99,17.52,16.9,17.4,3518455
2016-04-21,17.52,17.77,17.43,17.51,2332199
2016-04-22,17.33,17.5,17.02,17.23,3249081
2016-04-25,17.2,17.75,16.88,17.09,3289274
2016-04-26,17.21,17.98,17.08,17.75,5790226
2016-04-27,15.18,15.28,14.81,14.86,12731897
2016-04-28,14.86,15.09,14.62,14.64,5443219
2016-04-29,14.68,14.92,14.33,14.62,6296025
2016-05-02,14.74,14.75,14.17,14.4,5155082
2016-05-03,14.2,14.24,13.9,14.01,5141971
2016-05-04,13.95,14.88,13.95,14.84,9787286
2016-05-05,14.92,14.98,14.08,14.12,5960871
2016-05-06,14.11,14.4,13.99,14.4,4206011
2016-05-09,14.27,14.46,14.16,14.2,3166982
2016-05-10,14.17,14.69,14.17,14.63,2885297
2016-05-11,14.61,14.86,14.44,14.59,2830107
2016-05-12,14.63,14.68,14.01,14.08,4671795
2016-05-13,14.06,14.28,14.0,14.1,2980896
2016-05-16,14.06,14.36,14.06,14.29,2379716
2016-05-17,14.21,14.59,14.13,14.34,4200446
2016-05-18,14.35,14.56,14.05,14.14,2163328
2016-05-19,14.15,14.31,14.04,14.15,3975023
2016-05-20,14.16,14.51,14.16,14.43,4987528
2016-05-23,14.4,14.6,14.34,14.41,3326863
2016-05-24,14.18,14.22,13.73,14.03,6705223
2016-05-25,14.07,14.57,14.06,14.41,5203419
2016-05-26,14.45,14.48,14.2,14.3,4258856
2016-05-27,14.25,15.1,14.24,15.1,5803125
2016-05-31,15.1,15.49,15.08,15.22,5565275
2016-06-01,15.08,15.17,14.62,15.02,3677095
2016-06-02,15.04,15.26,14.85,15.2,2452419
2016-06-03,15.15,15.34,14.97,15.2,3849778
2016-06-06,15.21,15.45,15.2,15.27,3147340
2016-06-07,15.36,15.36,14.92,15.0,3167311
2016-06-08,15.07,15.12,14.81,14.95,2538201
2016-06-09,14.81,14.85,14.59,14.6,2148207
2016-06-10,14.45,14.45,14.0,14.02,4514464
2016-06-13,14.65,15.3,14.51,14.55,8449444
2016-06-14,14.85,15.41,14.8,15.36,7237912
2016-06-15,15.8,16.44,15.75,15.96,9150317
2016-06-16,15.9,15.94,15.4,15.87,4284676
2016-06-17,16.17,16.36,15.96,16.1,15042278
2016-06-20,16.4,16.64,16.15,16.34,4470815
2016-06-21,16.44,16.56,16.17,16.32,3914885
2016-06-22,16.27,16.32,16.05,16.13,3065979
2016-06-23,16.3,17.07,16.29,17.04,4746791
2016-06-24,16.27,16.9,16.2,16.44,9731673
2016-06-27,16.28,16.39,15.46,15.84,4739335
2016-06-28,16.24,16.64,16.17,16.42,3896368
2016-06-29,16.56,17.01,16.43,16.83,3853207
2016-06-30,16.8,17.0,16.73,16.91,3396627
2016-07-01,16.92,17.5,16.92,17.28,3752976
2016-07-05,17.27,17.28,16.77,17.14,4283632
2016-07-06,17.0,17.34,16.81,17.2,3055193
2016-07-07,17.24,17.67,17.24,17.37,2753318
2016-07-08,17.53,18.16,17.48,18.08,4989006
2016-07-11,17.58,17.88,17.52,17.71,4201656
2016-07-12,18.01,18.38,17.92,18.1,4802991
2016-07-13,18.21,18.31,17.5,17.74,3960027
2016-07-14,18.19,18.28,17.92,17.96,5471294
2016-07-15,18.04,18.18,17.81,18.08,4069951
2016-07-18,18.29,18.74,18.05,18.65,5380584
2016-07-19,18.53,18.89,18.27,18.33,5627000
2016-07-20,18.48,18.76,18.46,18.56,3167529
2016-07-21,18.57,18.8,18.35,18.39,3266945
2016-07-22,18.19,18.39,17.76,18.37,4337230
2016-07-25,18.43,18.7,18.17,18.65,6065330
2016-07-26,18.5,18.65,18.17,18.45,5882506
2016-07-27,16.32,16.58,15.69,15.77,12347668
2016-07-28,15.89,16.34,15.88,16.31,4711448
2016-07-29,16.4,16.74,16.25,16.64,5375504
2016-08-01,16.6,16.85,16.4,16.64,4757882
2016-08-02,16.59,16.7,16.2,16.42,3204273
2016-08-03,16.41,17.88,16.36,17.61,9836785
2016-08-04,17.52,18.31,17.37,18.13,6495990
2016-08-05,18.15,18.57,18.15,18.26,4487802
2016-08-08,18.25,18.47,17.94,18.2,2748717
2016-08-09,18.17,18.79,17.98,18.68,3856008
2016-08-10,18.67,19.57,18.57,19.04,5295862
2016-08-11,19.22,19.83,19.12,19.78,6082402
2016-08-12,19.68,19.68,19.02,19.54,4305191
2016-08-15,19.9,21.1,19.89,20.86,10258006
2016-08-16,20.68,20.69,20.29,20.4,4755522
2016-08-17,20.4,20.4,19.9,20.17,4171379
2016-08-18,19.53,19.59,18.92,19.0,8209232
2016-08-19,18.99,19.31,18.76,18.98,3230088
2016-08-22,18.95,18.96,18.52,18.55,3211103
2016-08-23,18.68,18.93,18.66,18.69,3354064
2016-08-24,18.81,18.96,18.2,18.25,3619092
2016-08-25,18.36,18.64,18.24,18.32,3067009
2016-08-26,18.4,18.52,18.1,18.3,2604520
2016-08-29,18.39,18.55,18.3,18.47,2611429
2016-08-30,18.57,18.69,18.32,18.38,1971641
2016-08-31,18.39,19.6,18.38,19.21,6346093
2016-09-01,19.37,20.14,19.27,19.5,6911314
2016-09-02,19.6,19.87,19.36,19.55,3898879
2016-09-06,19.76,20.14,19.48,19.93,4836713
2016-09-07,20.06,20.65,19.8,19.87,5155884
2016-09-08,18.8,19.31,18.6,18.7,8477775
2016-09-09,18.36,18.82,17.92,18.11,6564110
2016-09-12,17.94,18.23,17.68,18.15,4502719
2016-09-13,17.99,18.09,17.52,17.76,3008113
2016-09-14,18.02,18.39,17.96,18.08,3003032
2016-09-15,18.3,18.41,18.06,18.3,2966304
2016-09-16,19.12,19.24,18.74,19.11,14428482
2016-09-19,19.19,19.19,18.29,18.36,5029205
2016-09-20,18.28,18.64,18.25,18.39,3539037
2016-09-21,18.45,18.5,18.13,18.49,3251432
2016-09-22,18.51,18.92,18.44,18.63,3103203
2016-09-23,21.22,22.89,21.11,22.62,28874530
2016-09-26,21.8,23.57,21.65,23.37,16017242
2016-09-27,23.38,23.98,22.91,23.72,10441236
2016-09-28,23.44,23.63,22.45,22.96,6769413
2016-09-29,22.96,23.36,22.86,23.01,5667752
2016-09-30,23.0,23.25,22.82,23.05,3573009
2016-10-03,23.8,24.24,23.46,24.0,5738579
2016-10-04,23.69,23.79,23.35,23.52,4183202
2016-10-05,24.2,25.25,24.13,24.87,9853035
2016-10-06,20.41,21.0,19.6,19.87,13969416
2016-10-07,19.97,20.52,19.65,19.85,6664812
2016-10-10,17.5,18.23,16.93,17.56,14244529
2016-10-11,18.17,18.18,17.65,18.0,8637102
2016-10-12,18.19,18.19,17.82,18.05,4159837
2016-10-13,17.82,17.99,17.67,17.79,3559361
2016-10-14,17.88,18.05,16.29,16.88,12247204
2016-10-17,16.76,16.97,16.44,16.73,4933004
2016-10-18,16.91,17.12,16.79,16.83,3473011
2016-10-19,16.95,17.26,16.89,17.07,3264679
2016-10-20,17.0,17.07,16.82,16.9,2915977
2016-10-21,16.95,18.35,16.75,18.09,10687332
2016-10-24,17.59,18.37,17.5,18.03,8780312
2016-10-25,17.78,17.79,17.15,17.26,5647077
2016-10-26,17.58,17.65,17.17,17.29,6011454
2016-10-27,18.0,18.12,17.08,17.4,10363848
2016-10-28,17.74,18.0,17.51,17.66,5727779
2016-10-31,17.65,18.03,17.65,17.95,3495731
2016-11-01,17.86,18.0,17.27,17.49,3606725
2016-11-02,17.43,17.95,17.39,17.61,3860061
2016-11-03,17.55,17.85,17.27,17.58,3145214
2016-11-04,17.52,18.34,17.51,18.02,5247389
2016-11-07,18.11,18.69,18.11,18.41,5356871
2016-11-08,18.19,18.55,17.77,18.38,3293906
2016-11-09,18.05,19.24,18.01,19.13,5782850
2016-11-10,19.02,19.3,18.04,18.37,5119694
2016-11-11,18.33,18.72,18.07,18.55,2894864
2016-11-14,18.74,19.2,18.51,19.14,4855505
2016-11-15,19.12,19.51,18.92,18.98,3840855
2016-11-16,18.98,19.15,18.6,18.63,2598313
2016-11-17,18.7,18.96,18.53,18.55,3774459
2016-11-18,18.73,18.91,18.65,18.73,2748755
2016-11-21,18.72,18.91,18.6,18.6,3945050
2016-11-22,18.65,18.87,18.52,18.63,2490344
2016-11-23,18.45,18.57,18.08,18.22,3637831
2016-11-25,18.3,18.31,18.03,18.06,1656628
2016-11-28,18.0,18.3,17.85,18.3,3503221
2016-11-29,18.27,18.68,18.14,18.19,2853251
2016-11-30,18.2,18.8,18.19,18.49,4347988
2016-12-01,18.8,18.83,17.74,18.03,3708188
2016-12-02,18.0,18.15,17.86,17.93,2230624
2016-12-05,17.96,18.36,17.88,18.23,2472991
2016-12-06,18.3,18.5,18.14,18.23,2569889
2016-12-07,18.25,19.55,18.21,19.48,6180579
2016-12-08,19.52,19.71,19.08,19.64,4231276
2016-12-09,19.56,19.84,19.39,19.65,3074161
2016-12-12,19.48,19.7,18.9,18.93,2395826
2016-12-13,18.94,19.58,18.94,19.37,2613041
2016-12-14,19.35,19.61,18.89,18.93,2518943
2016-12-15,18.94,19.15,18.72,18.79,2573924
2016-12-16,18.76,18.89,18.53,18.63,5005569
2016-12-19,18.6,18.69,18.23,18.24,2232676
2016-12-20,18.25,18.32,17.88,17.92,3106282
2016-12-21,17.5,17.52,17.01,17.08,5871059
2016-12-22,16.82,16.89,16.27,16.41,5120227
2016-12-23,16.34,16.67,16.16,16.5,3376258
2016-12-27,16.5,16.87,16.43,16.61,2336304
2016-12-28,16.63,16.73,16.3,16.39,2361703
2016-12-29,16.39,16.65,16.3,16.39,2615494
2016-12-30,16.27,16.57,16.23,16.3,2472736
2017-01-03,16.3,16.45,16.21,16.44,2537814
2017-01-04,16.5,16.94,16.5,16.86,3157229
2017-01-05,16.91,17.27,16.8,17.09,3372330
2017-01-06,17.24,17.43,17.11,17.17,2718112
2017-01-09,17.24,17.56,17.19,17.5,2620058
2017-01-10,17.51,17.77,17.32,17.37,2308549
2017-01-11,17.48,17.6,17.17,17.3,2369510
2017-01-12,17.14,17.39,16.96,17.38,2663434
2017-01-13,17.38,17.66,17.23,17.25,2177775
2017-01-17,17.07,17.09,16.86,16.96,2319750
2017-01-18,17.01,17.14,16.83,17.11,1879737
2017-01-19,17.09,17.14,16.76,16.79,2490564
2017-01-20,16.82,16.89,16.46,16.58,2865591
2017-01-23,16.57,16.81,16.46,16.61,2081098
2017-01-24,16.61,16.65,16.33,16.52,2719643
2017-01-25,16.7,16.79,16.59,16.73,2125198
2017-01-26,16.84,17.06,16.79,16.81,2194952
2017-01-27,16.9,16.97,16.54,16.57,2380303
2017-01-30,16.57,17.1,16.41,16.94,3711674
2017-01-31,16.95,17.74,16.95,17.62,5471485
2017-02-01,17.82,17.92,17.1,17.24,4759344
2017-02-02,17.28,17.86,17.12,17.78,4633543
2017-02-03,17.72,17.85,17.45,17.61,3485460
2017-02-06,17.61,17.97,17.41,17.93,3493446
2017-02-07,18.0,18.67,18.0,18.26,6174951
2017-02-08,18.73,18.75,18.05,18.72,7082426
2017-02-09,17.02,17.1,16.27,16.41,14673523
2017-02-10,15.96,15.98,15.5,15.58,10418051
2017-02-13,15.58,15.99,15.52,15.81,5959457
2017-02-14,15.92,16.6,15.85,16.52,6723527
2017-02-15,16.88,16.89,16.3,16.74,6238421
2017-02-16,16.68,16.79,16.33,16.35,4149051
2017-02-17,16.38,16.63,16.37,16.62,2631616
2017-02-21,16.64,16.69,16.3,16.42,3134617
2017-02-22,16.4,16.51,16.01,16.08,3082065
2017-02-23,16.12,16.27,15.9,16.03,3081450
2017-02-24,15.95,15.98,15.85,15.98,2142095
2017-02-27,15.93,16.12,15.73,16.06,3266043
2017-02-28,16.0,16.04,15.75,15.77,2474259
2017-03-01,15.85,15.89,15.59,15.79,3434729
2017-03-02,15.75,16.0,15.72,15.79,2458741
2017-03-03,15.84,16.1,15.69,15.75,3188215
2017-03-06,15.75,15.77,15.5,15.56,2333088
2017-03-07,15.5,15.73,15.16,15.18,3636154
2017-03-08,15.19,15.36,15.08,15.24,3256738
2017-03-09,15.24,15.39,15.03,15.22,2021677
2017-03-10,15.21,15.26,14.94,15.12,2695340
2017-03-13,15.15,15.27,15.12,15.21,2019368
2017-03-14,15.2,15.58,15.15,15.32,3034387
2017-03-15,15.25,15.29,14.86,15.03,3408406
2017-03-16,15.11,15.28,15.05,15.19,2403204
2017-03-17,15.2,15.22,15.03,15.08,3899932
2017-03-20,15.11,15.11,14.82,15.09,3501284
2017-03-21,15.08,15.08,14.5,14.54,3765934
2017-03-22,14.5,14.99,14.32,14.98,4528175
2017-03-23,14.99,15.05,14.74,14.93,2597638
2017-03-24,15.06,15.37,15.03,15.14,3280329
2017-03-27,15.01,15.05,14.76,14.99,2454486
2017-03-28,15.0,15.17,14.8,14.94,3308215
2017-03-29,14.86,15.06,14.7,15.04,2226772
2017-03-30,15.04,15.08,14.9,14.92,2023480
2017-03-31,14.93,15.06,14.92,14.95,2294411
2017-04-03,14.95,14.98,14.65,14.84,2376341
2017-04-04,14.75,14.76,14.59,14.69,1912203
2017-04-05,14.65,14.82,14.41,14.53,2593115
2017-04-06,14.53,14.62,14.3,14.39,3750750
2017-04-07,14.37,14.43,14.25,14.29,1459725
2017-04-10,14.28,14.45,14.2,14.36,1753477
2017-04-11,14.3,14.39,14.2,14.31,1550818
2017-04-12,14.31,14.78,14.26,14.42,2712848
2017-04-13,14.49,14.5,14.22,14.3,2402625
2017-04-17,14.3,14.55,14.12,14.4,2679130
2017-04-18,14.37,14.56,14.27,14.44,2168041
2017-04-19,14.44,14.78,14.44,14.54,2951784
2017-04-20,14.59,14.75,14.51,14.65,2255904
2017-04-21,14.65,14.74,14.41,14.63,3035981
2017-04-24,14.67,14.82,14.57,14.71,2990719
2017-04-25,14.71,14.96,14.63,14.66,4633114
2017-04-26,15.88,16.48,15.76,15.82,15608537
2017-04-27,15.82,16.63,15.82,16.61,8291081
2017-04-28,16.5,16.79,16.43,16.48,5875643
2017-05-01,17.14,17.65,17.0,17.54,8900458
2017-05-02,17.54,18.53,17.35,18.24,14532856
2017-05-03,18.3,18.59,18.15,18.57,6573805
2017-05-04,18.6,18.89,18.36,18.48,5847883
2017-05-05,18.45,18.73,18.37,18.69,3538214
2017-05-08,18.68,18.68,18.16,18.31,4174342
2017-05-09,18.31,18.49,18.2,18.37,2863412
2017-05-10,18.37,18.56,18.25,18.54,2489792
2017-05-11,18.55,18.74,18.31,18.39,3118530
2017-05-12,18.47,19.05,18.34,18.61,5304384
2017-05-15,18.71,19.32,18.63,19.23,5447886
2017-05-16,19.39,19.79,19.09,19.49,8126283
2017-05-17,19.0,19.25,18.23,18.28,6445172
2017-05-18,18.18,18.61,17.97,18.51,4554642
2017-05-19,18.68,18.9,18.27,18.35,4570355
2017-05-22,18.35,18.52,18.27,18.43,2461933
2017-05-23,18.41,18.51,17.98,18.15,4656887
2017-05-24,18.1,18.33,17.83,17.98,3415437
2017-05-25,18.04,18.27,17.95,17.95,2222295
2017-05-26,18.0,18.3,17.95,18.23,2400643
2017-05-30,18.21,18.72,18.18,18.43,4128174
2017-05-31,18.42,18.6,18.08,18.32,5310521
2017-06-01,18.28,18.65,18.21,18.53,3064130
2017-06-02,18.53,18.58,18.22,18.31,2129612
2017-06-05,18.31,18.34,18.03,18.23,2115911
2017-06-06,18.1,18.15,17.47,17.57,5498624
2017-06-07,17.61,17.74,17.3,17.44,3452005
2017-06-08,17.44,17.61,17.27,17.59,2633613
2017-06-09,17.65,17.65,16.45,16.9,4839195
2017-06-12,16.72,17.18,16.27,17.04,4479354
2017-06-13,17.15,17.22,16.76,16.97,2859687
2017-06-14,17.05,17.12,16.57,16.76,3119363
2017-06-15,16.56,16.89,16.46,16.83,2938727
2017-06-16,16.75,16.81,16.56,16.67,4007122
2017-06-19,16.77,17.08,16.75,17.06,2491872
2017-06-20,17.14,17.14,16.84,16.91,1754457
2017-06-21,17.24,18.04,17.17,17.78,5173316
2017-06-22,17.82,18.38,17.66,18.15,4219207
2017-06-23,18.15,18.63,18.15,18.5,5326324
2017-06-26,18.57,19.01,18.12,18.29,4202758
2017-06-27,18.45,18.6,18.12,18.12,3912938
2017-06-28,18.22,18.23,17.75,17.95,4436058
2017-06-29,17.93,17.93,17.23,17.65,4585614
2017-06-30,17.66,18.08,17.47,17.87,3307803
2017-07-03,17.94,18.0,17.41,17.65,2107728
2017-07-05,17.68,17.96,17.42,17.82,2521942
2017-07-06,17.65,18.58,17.63,17.92,3959870
2017-07-07,18.0,18.33,17.98,18.02,3771177
2017-07-10,18.05,18.15,17.78,18.08,2266493
2017-07-11,18.14,18.66,18.11,18.64,3809791
2017-07-12,18.91,19.54,18.91,19.25,5660421
2017-07-13,19.55,19.67,19.09,19.32,3639696
2017-07-14,19.35,19.97,19.35,19.64,4513804
2017-07-17,19.8,20.23,19.74,19.94,5081023
2017-07-18,19.77,19.99,19.41,19.98,3086058
2017-07-19,20.01,20.2,19.83,20.12,2909180
2017-07-20,20.2,20.88,20.18,20.53,5070011
2017-07-21,20.35,20.35,20.0,20.11,3801958
2017-07-24,20.3,20.62,19.83,20.0,3977465
2017-07-25,19.94,20.18,19.7,19.97,3464596
2017-07-26,20.0,20.02,19.27,19.61,5196994
2017-07-27,17.3,17.6,16.5,16.84,13139589
2017-07-28,16.69,17.2,16.52,16.75,4324943
2017-07-31,16.6,16.61,16.0,16.09,9253005
2017-08-01,16.2,16.32,15.91,16.21,4961597
2017-08-02,16.22,16.26,15.95,16.07,3175614
2017-08-03,16.07,16.41,16.05,16.18,3381405
2017-08-04,16.2,16.43,16.13,16.29,3564484
2017-08-07,16.38,16.42,16.24,16.4,2151750
2017-08-08,16.33,16.48,16.05,16.15,2422376
2017-08-09,16.04,16.16,15.96,16.14,1713579
2017-08-10,16.02,16.18,15.73,15.75,2553381
2017-08-11,15.79,16.06,15.72,15.92,2310532
2017-08-14,16.15,16.28,16.02,16.09,2109911
2017-08-15,16.12,16.22,15.94,15.95,1222354
2017-08-16,15.97,16.36,15.96,16.16,4651827
2017-08-17,16.15,16.29,15.86,15.87,1966692
2017-08-18,15.85,16.07,15.77,15.99,2144676
2017-08-21,16.0,16.25,15.94,16.11,2282073
2017-08-22,16.14,16.65,16.14,16.63,2123887
2017-08-23,16.46,17.05,16.44,16.96,3362057
2017-08-24,17.0,17.05,16.79,16.89,2329894
2017-08-25,16.65,16.82,16.51,16.65,2554779
2017-08-28,16.67,16.88,16.67,16.77,1750223
2017-08-29,16.6,17.06,16.6,16.93,3800259
2017-08-30,16.92,17.03,16.81,16.93,1755905
2017-08-31,16.99,17.09,16.88,16.91,1917342
2017-09-01,16.97,17.0,16.58,16.86,1695991
2017-09-05,16.82,16.9,16.44,16.65,2378698
2017-09-06,16.65,17.05,16.52,16.83,2709175
2017-09-07,16.85,17.41,16.85,17.22,3308380
2017-09-08,17.19,17.46,17.09,17.45,2999454
2017-09-11,17.45,17.78,17.27,17.66,3583119
2017-09-12,17.7,18.29,17.7,18.17,3828270
2017-09-13,18.15,18.49,18.09,18.2,3168907
2017-09-14,18.15,18.27,17.94,18.21,2305163
2017-09-15,18.27,18.39,17.96,18.01,3785663
2017-09-18,18.01,18.09,17.47,17.6,5039933
2017-09-19,17.66,17.8,17.48,17.76,1747213
2017-09-20,17.8,17.84,17.52,17.62,1660245
2017-09-21,17.6,17.65,17.35,17.58,1390352
2017-09-22,17.49,17.62,17.43,17.61,1647326
2017-09-25,17.6,17.71,16.83,16.98,2716094
2017-09-26,17.07,17.16,16.57,16.59,2674637
2017-09-27,16.93,17.05,16.76,16.95,2033385
2017-09-28,16.86,16.93,16.76,16.85,1610842
2017-09-29,16.89,17.04,16.76,16.87,2053963
2017-10-02,16.85,17.15,16.79,17.09,1640311
2017-10-03,17.15,17.63,17.14,17.59,2587276
2017-10-04,17.78,17.81,17.5,17.75,3554499
2017-10-05,17.79,18.29,17.75,18.25,3927385
2017-10-06,18.03,18.13,17.66,17.85,3025638
2017-10-09,17.82,18.05,17.65,17.67,2612771
2017-10-10,17.77,17.92,17.4,17.41,1982079
2017-10-11,17.49,17.78,17.43,17.73,1672040
2017-10-12,17.74,18.66,17.73,18.45,7594068
2017-10-13,18.45,18.79,18.35,18.63,3183296
2017-10-16,18.59,18.61,18.24,18.33,2929292
2017-10-17,18.31,18.46,18.11,18.28,2512272
2017-10-18,18.23,18.35,17.97,18.02,1725050
2017-10-19,17.84,17.95,17.66,17.89,2187478
2017-10-20,18.0,18.06,17.84,17.87,1805324
2017-10-23,17.89,17.93,17.33,17.36,994
2017-10-24,17.5,17.59,17.23,17.24,599
2017-10-25,17.31,17.41,17.03,17.16,1228
2017-10-26,19.22,20.62,18.89,20.31,5133
2017-10-27,21.56,21.69,21.56,21.65,11
2017-10-30,21.25,21.26,21.21,21.26,12
2017-10-31,21.27,21.55,20.46,20.61,2651
2017-11-01,20.81,20.98,20.41,20.59,1889
2017-11-02,20.43,20.62,19.84,20.12,1143
2017-11-03,19.87,20.24,19.52,19.9,4422177
2017-11-06,19.76,19.82,19.26,19.39,5480928
2017-11-07,19.55,20.18,19.51,19.66,5159298
2017-11-08,19.7,19.98,19.38,19.59,2973764
2017-11-09,19.4,20.24,19.36,19.9,4094272
2017-11-10,19.79,20.57,19.74,20.32,3812131
2017-11-13,20.13,20.31,19.93,20.17,2323520
2017-11-14,20.17,20.44,19.88,20.05,2891817
2017-11-15,19.82,20.33,19.73,19.91,2350182
2017-11-16,20.08,20.49,19.99,20.36,2424950
2017-11-17,20.26,20.79,20.25,20.76,2988024
2017-11-20,20.76,21.26,20.7,21.13,3899792
2017-11-21,21.2,21.91,21.15,21.88,4230956
2017-11-22,21.9,22.4,21.8,22.27,4523334
2017-11-24,22.42,22.48,22.17,22.42,1472329
2017-11-27,22.4,22.4,21.71,21.82,5647916
2017-11-28,21.85,22.14,21.56,21.83,3515966
2017-11-29,21.8,22.11,20.52,20.79,5929894
2017-11-30,21.01,21.12,20.51,20.58,4049051
2017-12-01,20.48,20.98,20.14,20.71,3428506
2017-12-04,20.58,20.66,20.34,20.38,373
2017-12-05,20.41,20.91,20.28,20.77,1748
2017-12-06,20.42,21.38,20.41,21.07,2495
2017-12-07,21.04,21.4,21.02,21.1,1351
2017-12-08,21.16,21.37,20.93,21.08,1176
2017-12-11,21.22,22.18,21.16,22.03,987
2017-12-12,22.06,22.22,21.61,21.63,1777
2017-12-13,21.79,21.96,21.51,21.65,1619
2017-12-14,21.75,23.07,21.61,22.56,3877
2017-12-15,22.5,22.82,22.17,22.2,1856
2017-12-18,23.4,24.72,23.14,24.68,3466
2017-12-19,24.44,25.47,23.91,25.06,4744
2017-12-20,25.27,25.35,24.67,25.18,2648
2017-12-21,25.0,25.54,24.69,25.03,1735
2017-12-22,24.93,25.25,24.37,24.44,1816
2017-12-26,24.18,24.26,24.16,24.24,57
2017-12-27,24.25,24.52,24.06,24.22,1194
2017-12-28,24.33,24.58,24.16,24.29,1080
2017-12-29,24.21,24.31,23.9,24.0,1383
2018-01-02,24.04,24.55,23.84,24.49,1978
2018-01-03,24.63,24.65,24.07,24.42,1744
2018-01-04,24.51,24.57,23.67,23.97,2140
2018-01-05,24.07,24.55,23.87,24.31,1560
2018-01-08,24.34,24.75,23.87,24.59,2046
2018-01-09,24.66,24.67,24.05,24.15,2155
2018-01-10,23.96,24.4,23.76,24.23,2187
2018-01-11,24.3,24.34,23.89,24.32,1834
2018-01-12,25.07,25.82,25.07,25.4,3800
2018-01-16,25.6,25.68,24.51,24.66,4684
2018-01-17,24.85,24.93,24.21,24.54,2189
2018-01-18,24.45,24.45,23.73,24.02,2031
2018-01-19,24.14,24.19,23.49,23.64,1775
2018-01-22,22.94,23.48,22.93,23.32,1695
2018-01-23,22.42,23.14,22.41,22.78,2033
2018-01-24,22.84,23.02,22.09,22.35,2887
2018-01-25,22.54,22.66,22.05,22.09,886085
2018-01-26,22.1,24.33,22.04,24.0,7380010
2018-01-27,23.99,24.35,23.96,24.27,2521272
2018-01-29,24.32,25.53,24.08,25.18,7295442
2018-01-30,25.19,26.4,24.53,25.34,10322275
2018-01-31,25.33,26.65,25.11,25.44,7727493
2018-02-01,25.44,27.31,25.41,27.14,2631965
2018-02-02,26.71,27.02,25.67,25.89,32706
2018-02-05,25.49,26.61,24.1,25.11,12629
2018-02-06,24.49,25.56,24.18,25.21,18880
2018-02-07,25.81,27.05,25.75,26.87,17559
2018-02-08,33.99,34.94,29.69,30.15,20070
2018-02-09,30.29,31.77,29.67,31.47,20996
2018-02-12,31.49,31.84,30.84,30.93,12813
2018-02-13,30.65,33.62,30.65,33.41,17144
2018-02-14,32.61,33.95,32.52,33.72,12415
2018-02-15,34.01,34.35,33.03,33.58,12463
2018-02-16,33.22,33.47,32.66,33.03,10261
2018-02-20,32.81,33.53,32.66,32.81,6639
2018-02-21,32.95,34.03,32.62,33.35,7916
2018-02-22,33.21,33.37,31.62,32.09,10667
2018-02-23,32.04,32.66,31.95,32.64,5246
2018-02-26,32.58,32.64,31.94,32.14,4084
2018-02-27,31.94,32.19,31.24,31.29,6023
2018-02-28,31.64,32.82,31.56,31.84,7808
2018-03-01,31.83,32.52,31.24,32.24,13499
2018-03-02,31.71,33.0,31.47,32.97,9257
2018-03-05,32.75,34.91,32.55,34.56,8102
2018-03-06,34.77,34.91,33.83,34.39,6676
2018-03-07,34.13,35.79,34.06,35.74,9358
2018-03-08,35.52,35.8,34.66,34.83,7971
2018-03-09,35.3,35.47,34.92,35.31,5373
2018-03-12,35.55,35.7,34.82,35.47,6206
2018-03-13,35.3,35.49,33.9,34.07,9427
2018-03-14,34.28,36.77,34.07,36.57,11182
2018-03-15,36.34,36.44,35.38,35.79,8570
2018-03-16,35.89,36.17,35.49,35.55,5433
2018-03-19,35.0,35.71,34.39,34.96,10974
2018-03-20,34.77,34.85,30.59,31.32,17567
2018-03-21,32.08,33.12,32.03,32.71,9679
2018-03-22,31.6,32.09,31.15,31.17,10321
2018-03-23,31.49,31.97,30.79,31.0,10361
2018-03-26,31.92,32.44,30.87,31.88,10847
2018-03-27,31.64,31.73,27.87,28.05,18331
2018-03-28,27.82,29.09,27.37,28.43,13421
2018-03-29,28.81,29.31,27.89,28.98,11163
2018-04-02,28.31,28.73,27.74,28.03,13247
2018-04-03,28.41,28.84,27.22,27.53,10547
2018-04-04,26.83,28.32,26.82,28.23,10671
2018-04-05,28.66,29.31,28.09,28.63,8201
2018-04-06,28.42,29.04,27.97,28.09,9928
2018-04-09,28.1,28.77,27.99,27.99,6908
2018-04-10,28.4,30.26,28.27,29.52,10264
2018-04-11,29.55,29.79,28.71,29.37,9778
2018-04-12,29.73,29.77,28.77,28.97,5889
2018-04-13,29.21,29.44,28.41,28.74,6862
2018-04-16,28.75,28.92,28.34,28.57,5882
2018-04-17,29.55,32.02,29.44,31.81,9649
2018-04-18,31.45,32.03,31.05,31.52,6799
2018-04-19,31.46,32.25,30.94,31.5,6787
2018-04-20,32.35,33.08,31.64,31.89,9152
2018-04-23,32.47,32.47,30.83,31.19,7647
2018-04-24,31.21,31.6,29.63,30.45,11949
2018-04-25,31.74,31.93,28.13,29.87,19833
2018-04-26,30.6,31.39,30.09,30.24,12220
2018-04-27,29.95,30.28,28.59,28.99,7026
2018-04-30,28.71,30.72,28.43,30.29,11416
2018-05-01,30.18,31.03,29.59,30.24,9186
2018-05-02,30.16,31.19,30.14,30.53,8126
2018-05-03,30.2,31.0,29.96,30.64,10682
2018-05-04,30.15,31.33,29.84,31.03,8570
2018-05-07,31.05,31.81,30.85,31.31,6666
2018-05-08,31.04,32.06,31.04,31.83,8270
2018-05-09,32.05,32.76,31.92,32.44,6531
2018-05-10,32.6,33.75,32.58,32.85,6092
2018-05-11,32.8,33.07,32.23,32.71,5761
2018-05-14,33.39,33.55,32.91,33.37,5341
2018-05-15,32.99,33.07,32.33,32.72,6502
2018-05-16,32.69,33.19,32.65,32.75,3977
2018-05-17,32.75,32.97,32.26,32.53,4389
2018-05-18,32.34,32.95,32.19,32.6,5698
2018-05-21,33.0,34.0,32.91,33.61,6683
2018-05-22,33.65,33.71,32.81,32.83,4483
2018-05-23,32.76,33.4,32.67,33.4,5407
2018-05-24,33.21,33.73,33.1,33.5,5719
2018-05-25,33.47,33.96,33.27,33.61,4891
2018-05-29,33.34,34.8,33.34,33.98,9470
2018-05-30,34.14,34.62,34.11,34.34,4479
2018-05-31,34.33,34.94,34.23,34.67,5968
2018-06-01,35.34,36.66,35.2,36.61,6395
2018-06-04,36.41,37.94,35.93,37.9,7743
2018-06-05,39.49,40.12,39.16,39.76,9969
2018-06-06,39.47,40.2,39.21,40.07,7508
2018-06-07,40.1,40.12,38.63,39.67,8581
2018-06-08,39.45,41.22,39.44,41.17,7905
2018-06-11,41.47,41.66,40.64,41.39,5649
2018-06-12,42.57,44.3,42.53,43.46,10165
2018-06-13,44.17,44.52,43.39,44.05,9523
2018-06-14,44.74,46.77,44.51,46.73,10385
2018-06-15,46.21,47.76,45.62,45.77,15276
2018-06-18,44.91,46.23,44.91,45.99,9703
2018-06-19,45.11,45.66,43.55,44.87,13207
2018-06-20,45.46,46.87,45.46,46.09,11452
2018-06-21,46.74,46.74,44.18,45.2,12552
2018-06-22,45.59,45.98,44.48,45.87,9837
2018-06-25,45.37,45.37,43.33,44.16,15964
2018-06-26,44.09,45.29,43.49,44.81,10867
2018-06-27,45.45,46.19,43.66,43.66,14354
2018-06-28,42.47,44.81,42.47,44.77,13073
2018-06-29,45.11,45.12,43.53,43.66,10535
2018-07-02,43.03,44.96,42.97,44.94,9911
2018-07-03,45.2,45.27,43.78,43.86,8226
2018-07-05,43.88,45.08,43.53,45.05,11569
2018-07-06,44.85,46.72,44.58,46.63,11419
2018-07-09,46.68,46.68,42.06,44.1,20473
2018-07-10,44.14,45.23,43.61,43.71,13190
2018-07-11,42.8,44.06,42.2,43.83,10509
2018-07-12,44.78,45.31,44.33,45.23,10016
2018-07-13,45.02,45.14,43.92,44.45,9206
2018-07-16,44.08,44.7,43.9,44.23,8583
2018-07-17,43.33,45.22,43.32,44.67,11131
2018-07-18,44.11,44.72,42.71,43.32,10835
2018-07-19,43.3,43.82,43.09,43.41,8624
2018-07-20,43.39,44.1,43.22,43.4,7641
2018-07-23,43.79,43.8,42.38,43.27,8331
2018-07-24,43.65,43.68,41.57,42.13,10503
2018-07-25,42.54,44.36,42.49,44.19,9668
2018-07-26,42.56,43.37,42.11,42.91,11472
2018-07-27,36.82,37.41,33.87,34.09,11935
2018-07-30,34.09,34.09,31.05,31.35,10650
2018-07-31,32.05,32.45,31.04,31.81,12447
2018-08-01,32.16,32.56,31.44,31.89,10134
2018-08-02,31.42,32.84,31.39,32.81,8664
2018-08-03,32.68,32.95,31.78,31.92,8691
2018-08-06,31.69,33.01,31.43,32.95,6950
2018-08-07,33.17,33.58,32.53,32.65,7276
2018-08-08,32.67,32.67,31.78,31.81,5339
2018-08-09,31.86,32.35,31.59,31.94,4135
2018-08-10,31.55,32.22,31.44,31.99,5830
2018-08-13,32.16,33.59,32.02,32.77,10612
2018-08-14,33.31,33.31,32.49,33.15,7422
2018-08-15,32.79,33.19,31.93,32.37,10753
2018-08-16,32.57,33.12,32.38,32.8,6597
2018-08-17,32.67,33.06,32.32,32.71,7051
2018-08-20,32.77,32.81,32.18,32.58,6072
2018-08-21,32.78,34.11,32.58,33.66,7090
2018-08-22,33.56,34.14,33.41,33.8,5472
2018-08-23,33.92,34.71,33.7,33.85,7217
2018-08-24,34.2,34.46,33.9,34.25,5105
2018-08-27,34.65,35.97,34.45,35.87,7555
2018-08-28,35.93,35.93,34.87,35.46,6944
2018-08-29,35.52,35.54,34.79,35.32,5751
2018-08-30,35.32,36.12,35.22,35.62,8583
2018-08-31,35.48,35.69,34.57,35.17,6725
2018-09-04,34.65,35.1,34.45,34.83,7660
2018-09-05,34.5,34.6,32.49,32.71,11453
2018-09-06,32.84,32.91,30.6,30.79,12773
2018-09-07,30.19,31.36,29.81,30.47,9505
2018-09-10,30.35,30.57,29.94,30.51,6833
2018-09-11,30.43,31.41,30.35,30.87,6761
2018-09-12,30.55,30.76,29.23,29.73,7360
2018-09-13,30.12,30.54,29.84,30.35,5456
2018-09-14,30.49,30.74,30.04,30.09,5331
2018-09-17,28.79,29.25,28.42,28.84,6785
2018-09-18,29.06,29.6,29.05,29.2,4976
2018-09-19,29.37,29.54,28.8,29.52,5415
2018-09-20,29.71,29.99,29.22,29.84,4889
2018-09-21,29.84,29.91,28.48,28.49,4040
2018-09-24,28.1,29.1,27.92,28.58,5908
2018-09-25,28.59,29.22,28.42,29.1,3870
2018-09-26,29.15,29.44,28.79,29.0,4009
2018-09-27,28.96,29.68,28.87,29.4,3458
2018-09-28,29.19,29.25,28.4,28.45,3274
2018-10-01,28.4,28.69,27.99,28.28,3398
2018-10-02,28.05,28.6,27.89,28.17,3924
2018-10-03,28.37,29.1,28.22,28.99,5400
2018-10-04,28.38,28.49,27.88,28.21,5509
2018-10-05,28.23,28.94,27.96,28.38,8037
2018-10-08,28.11,28.92,27.71,28.45,8168
2018-10-09,28.4,29.54,28.33,29.26,8325
2018-10-10,28.81,28.84,26.76,26.78,10975
2018-10-11,26.52,27.56,26.42,26.99,16746
2018-10-12,28.07,28.11,27.24,27.98,10938
2018-10-15,27.82,29.03,27.58,28.59,8425
2018-10-16,29.04,29.87,28.84,29.85,6181
2018-10-17,30.01,30.11,28.94,29.53,11339
2018-10-18,29.4,30.21,28.96,29.27,10346
2018-10-19,29.13,29.78,28.66,28.8,9011
2018-10-22,28.85,29.26,28.29,29.16,7804
2018-10-23,28.28,29.0,28.06,28.76,11417
2018-10-24,29.15,29.75,27.29,27.52,14163
2018-10-25,31.15,33.6,30.74,31.77,20571
2018-10-26,31.29,33.11,30.92,32.41,17346
2018-10-29,32.57,33.72,31.6,32.38,14677
2018-10-30,31.45,34.52,31.45,33.84,18848
2018-10-31,34.78,35.6,34.33,34.72,13755
2018-11-01,34.59,34.88,33.79,34.6,11428
2018-11-02,34.67,35.3,33.82,34.26,13563
2018-11-05,33.94,34.15,33.35,33.98,10143
2018-11-06,33.89,34.79,33.89,34.38,8856
2018-11-07,34.52,35.1,34.36,34.95,7533
2018-11-08,34.83,34.95,33.85,34.15,7949
2018-11-09,33.49,34.4,33.49,34.05,9899
2018-11-12,34.01,34.08,31.76,31.98,8592
2018-11-13,32.43,32.81,31.44,32.47,6586
2018-11-14,32.81,33.82,32.73,32.89,7443
2018-11-15,32.65,33.33,32.59,33.12,13775
2018-11-16,32.69,33.89,32.58,33.67,8075
2018-11-19,33.51,33.54,31.81,31.96,11070
2018-11-20,30.21,31.71,30.15,31.03,16243
2018-11-21,31.74,32.04,31.07,31.58,9057
2018-11-26,31.62,32.84,31.5,32.79,6383
2018-11-27,32.4,33.07,32.36,32.6,10218
2018-11-28,32.9,32.9,31.7,32.69,9840
2018-11-29,32.26,32.39,29.86,31.27,12717
2018-11-30,31.08,31.52,30.09,31.43,8933
2018-12-03,32.43,33.81,32.43,33.63,11492
2018-12-04,33.29,34.13,32.48,32.54,13427
2018-12-06,32.33,32.94,31.08,32.92,13710
2018-12-07,32.94,34.34,32.66,32.82,14912
2018-12-10,32.53,33.61,32.24,33.41,12907
2018-12-11,34.03,35.71,33.84,34.42,12837
2018-12-12,34.93,37.1,34.91,36.22,14293
2018-12-13,36.12,36.25,35.27,35.86,13895
2018-12-14,35.03,36.59,35.03,35.84,11193
2018-12-17,35.35,35.47,33.18,33.4,14185
2018-12-18,33.64,34.14,33.06,33.71,10081
2018-12-19,33.7,34.66,32.64,32.89,14559
2018-12-20,32.56,32.65,28.49,29.27,18667
2018-12-21,29.38,29.39,27.03,27.29,12541
2018-12-24,26.56,27.25,26.25,26.42,10764
2018-12-26,27.11,28.68,26.79,28.63,14045
2018-12-27,28.34,28.9,27.25,28.66,12449
2018-12-28,28.8,29.0,27.83,28.41,13081
2018-12-31,28.74,29.11,28.32,28.81,6988
2019-01-02,27.92,28.97,27.89,28.8,10910
2019-01-03,28.58,29.16,27.93,27.99,9694
2019-01-04,28.5,30.07,28.38,29.93,9744
2019-01-07,30.01,31.35,29.74,31.31,8344
2019-01-08,31.63,32.01,30.88,31.78,9561
2019-01-09,31.91,32.37,31.51,32.22,7965
2019-01-10,32.89,33.32,32.24,33.06,12103
2019-01-11,32.95,33.17,32.41,32.82,7221
2019-01-14,32.26,32.72,32.1,32.33,7238
2019-01-15,32.56,33.32,32.47,32.97,7675
2019-01-16,33.02,33.27,32.42,32.44,7875
2019-01-17,32.45,33.06,32.45,32.82,7633
2019-01-18,32.98,33.86,32.75,33.25,7381
2019-01-22,32.99,33.33,31.9,32.23,9078
2019-01-23,32.24,32.26,30.71,30.95,9652
2019-01-24,31.03,31.7,30.89,31.57,8321
2019-01-25,32.31,33.15,32.01,32.88,8548
2019-01-28,32.38,33.16,32.09,33.12,7875
2019-01-29,33.25,33.5,31.44,31.61,7246
2019-01-30,32.03,32.35,31.39,32.21,5186
2019-01-31,33.31,33.66,32.77,33.53,4171
2019-02-01,33.56,34.06,32.94,33.16,8008
2019-02-04,33.44,34.15,33.21,33.92,6019
2019-02-05,34.28,34.54,33.89,34.35,6943
2019-02-06,35.07,35.17,33.73,34.14,8820
2019-02-07,31.14,31.63,30.29,30.77,9486
2019-02-08,30.52,30.69,29.4,29.97,5890
2019-02-11,30.13,30.41,29.64,30.2,6925
2019-02-12,30.34,30.77,30.21,30.36,5561
2019-02-13,30.64,31.81,30.57,31.09,6695
2019-02-14,30.91,31.26,30.58,30.93,6572
2019-02-15,31.47,31.78,30.95,31.21,4564
2019-02-19,31.25,32.08,31.23,31.61,4541
2019-02-20,31.6,31.9,31.19,31.35,5926
2019-02-21,31.31,31.45,30.58,30.73,3668
2019-02-22,30.92,31.7,30.87,31.68,3341
2019-02-25,32.0,32.68,31.86,31.97,3644
2019-02-26,31.8,31.93,30.99,30.99,3656
2019-02-27,30.91,30.97,29.89,30.37,5515
2019-02-28,30.02,30.76,29.99,30.75,3048
2019-03-01,31.14,31.15,30.26,30.6,3491
2019-03-04,30.7,31.23,30.04,30.47,6211
2019-03-05,30.55,31.2,30.37,31.02,5124
2019-03-06,30.84,31.31,30.56,30.77,6074
2019-03-07,30.59,30.66,29.99,30.1,6909
2019-03-08,29.4,30.19,29.4,30.02,5044
2019-03-11,30.28,30.88,30.28,30.83,3175
2019-03-12,31.1,31.38,30.86,31.14,4054
2019-03-13,31.36,31.44,31.02,31.27,2826
2019-03-14,31.39,31.51,30.92,31.0,2548
2019-03-15,31.02,31.38,30.68,31.22,4081
2019-03-18,31.19,31.55,30.81,31.06,4090
2019-03-19,31.21,31.47,30.86,31.26,4148
2019-03-20,31.18,32.62,31.14,32.56,7874
2019-03-21,32.24,32.66,32.02,32.59,5011
2019-03-22,32.45,34.17,32.31,33.0,13025
2019-03-25,32.72,33.26,32.25,32.56,7001
2019-03-26,33.26,33.83,32.89,33.03,7283
2019-03-27,33.04,33.43,31.93,32.24,7103
2019-03-28,32.19,32.91,31.71,32.83,5623
2019-03-29,33.14,33.2,32.44,32.85,5019
2019-04-01,33.61,33.61,32.68,33.41,5389
2019-04-02,33.36,33.85,33.21,33.73,4202
2019-04-03,33.91,34.73,33.79,34.36,3879
2019-04-04,34.81,35.08,33.88,34.39,6524
2019-04-05,34.55,34.76,34.38,34.65,2196
2019-04-08,34.57,35.0,34.46,34.81,4755
2019-04-09,34.83,35.33,34.78,35.06,6973
2019-04-10,35.15,35.18,34.46,34.68,4939
2019-04-11,34.49,34.81,34.36,34.51,4678
2019-04-12,34.67,34.77,34.05,34.3,5070
2019-04-15,34.41,34.97,34.33,34.64,4140
2019-04-16,34.76,34.77,34.18,34.4,4505
2019-04-17,34.66,34.84,34.15,34.41,6297
2019-04-18,34.55,34.81,34.27,34.34,4546
2019-04-22,34.33,34.55,33.77,34.33,5590
2019-04-23,37.43,40.47,37.27,39.7,19920
2019-04-24,39.39,39.89,38.75,39.22,9700
2019-04-25,39.36,40.06,38.16,38.43,10310
2019-04-26,38.54,39.28,38.12,38.62,8074
2019-04-29,38.86,39.91,38.58,39.75,6916
2019-04-30,39.76,40.86,39.59,39.84,8724
2019-05-01,39.94,39.94,39.22,39.25,7720
2019-05-02,39.44,39.94,38.8,39.9,8474
2019-05-03,40.24,40.76,39.92,40.76,6186
2019-05-06,39.51,40.39,39.4,40.19,7340
2019-05-07,39.93,40.07,38.07,38.57,12011
2019-05-08,38.51,39.1,38.28,38.55,9352
2019-05-09,38.16,38.97,37.78,38.75,12575
2019-05-10,38.89,39.11,37.81,38.42,11987
2019-05-13,37.3,37.59,36.36,36.53,12795
2019-05-14,37.04,37.52,36.6,36.93,1773843
2019-05-15,36.67,38.09,36.59,37.88,7509
2019-05-16,38.06,38.67,38.01,38.26,6978
2019-05-17,37.53,38.08,37.43,37.45,8652
2019-05-20,37.04,37.67,36.88,37.1,8805
2019-05-21,37.44,37.81,37.29,37.42,6273
2019-05-22,37.33,39.27,37.33,38.55,8777
2019-05-23,38.06,38.1,36.79,37.14,9686
2019-05-24,37.62,37.8,37.22,37.35,6239
2019-05-28,37.54,37.99,37.19,37.26,8202
2019-05-29,36.88,37.35,36.48,36.79,9205
2019-05-30,36.99,37.24,36.56,37.09,6467
2019-05-31,36.66,36.9,36.26,36.39,6447
2019-06-03,36.54,36.83,34.0,34.38,12293
2019-06-04,35.16,36.1,34.94,36.06,8623
2019-06-05,36.46,36.65,35.91,36.28,8439
2019-06-06,36.23,36.7,35.9,36.57,7480
2019-06-07,37.16,38.25,37.04,37.9,7253
2019-06-10,38.54,38.58,37.58,37.6,6823
2019-06-11,38.1,38.1,36.81,37.16,5784
2019-06-12,37.21,37.57,37.01,37.45,5429
2019-06-13,36.71,36.71,35.72,36.3,6245
2019-06-14,36.37,36.41,36.0,36.11,4620
2019-06-17,36.21,36.64,36.06,36.39,3881
2019-06-18,36.71,37.47,36.51,36.59,5576
2019-06-19,36.47,36.49,35.76,36.24,5923
2019-06-20,36.59,36.59,35.29,35.4,7385
2019-06-21,35.41,35.7,34.95,34.96,4688
2019-06-24,35.07,35.62,34.78,35.53,4473
2019-06-25,35.49,35.68,34.53,34.68,5152
2019-06-26,34.99,35.33,34.93,35.18,5466
2019-06-27,35.54,35.59,34.57,34.7,5416
2019-06-28,34.83,34.95,34.24,34.85,4494
2019-07-01,35.35,36.2,35.17,36.05,4528
2019-07-02,36.11,36.55,35.84,36.17,5034
2019-07-03,36.14,36.34,35.89,36.01,2863
2019-07-05,35.88,36.3,35.56,36.21,4501
2019-07-08,35.94,36.59,35.82,36.4,4064
2019-07-09,36.34,37.62,36.34,37.6,4889
2019-07-10,37.92,37.93,36.84,37.41,6581
2019-07-11,37.65,37.82,36.92,37.15,5866
2019-07-12,37.4,37.85,37.12,37.79,3560
2019-07-15,38.03,38.92,37.89,38.65,4922
2019-07-16,38.52,38.54,37.78,37.96,4391
2019-07-17,37.82,38.17,37.52,37.67,3905
2019-07-18,37.28,37.75,36.96,37.63,4380
2019-07-19,37.94,37.94,36.69,36.72,5011
2019-07-22,36.97,37.64,36.79,37.54,3956
2019-07-23,37.64,37.97,36.78,37.85,4774
2019-07-24,38.11,38.75,37.72,38.7,5364
2019-07-25,38.95,39.18,37.87,38.06,7047
2019-07-26,40.62,42.28,40.27,41.49,14311
2019-07-29,41.46,42.16,40.85,41.45,7936
2019-07-30,40.97,41.67,40.78,40.96,6045
2019-07-31,41.14,43.19,41.14,42.27,11881
2019-08-01,42.59,43.43,41.68,42.05,13535
2019-08-02,41.66,42.99,41.53,42.81,11206
2019-08-05,41.57,41.9,39.57,40.31,12911
2019-08-06,40.91,41.59,40.74,41.29,10395
2019-08-07,40.52,41.85,40.3,41.68,13587
2019-08-08,42.19,42.19,41.31,42.02,7085
2019-08-09,41.61,41.9,40.89,41.49,9539
2019-08-12,41.09,41.43,40.35,40.49,8010
2019-08-13,40.51,41.81,40.47,41.78,9515
2019-08-14,40.85,41.18,40.35,40.6,12442
2019-08-15,40.89,41.0,39.73,40.06,12267
2019-08-16,40.28,40.6,40.07,40.53,6969
2019-08-19,41.16,41.83,41.01,41.65,4993
2019-08-20,41.65,42.79,41.34,42.25,7454
2019-08-21,42.76,43.22,42.33,42.75,7244
2019-08-22,42.79,42.89,41.54,42.11,6829
2019-08-23,41.76,42.65,40.8,40.97,12773
2019-08-26,41.23,41.42,40.98,41.42,5129
2019-08-27,42.39,42.66,41.5,42.08,6567
2019-08-28,41.59,42.17,41.27,41.65,4773
2019-08-29,42.06,42.63,41.79,42.45,4246
2019-08-30,42.58,42.65,41.88,42.6,4436
2019-09-03,42.48,43.74,41.62,41.9,7457
2019-09-04,42.45,43.37,42.08,43.31,4010
2019-09-05,43.69,45.3,43.58,45.28,6193
2019-09-06,45.16,45.65,44.53,45.39,6120
2019-09-09,45.46,45.83,43.81,44.23,6477
2019-09-10,43.83,43.87,42.49,43.22,7338
2019-09-11,43.45,43.74,43.02,43.22,5919
2019-09-12,43.58,44.08,43.08,43.17,5804
2019-09-13,42.76,43.07,42.3,42.58,5374
2019-09-16,42.29,43.04,42.29,42.74,4959
2019-09-17,42.9,43.56,42.89,43.22,4570
2019-09-18,43.22,43.35,42.36,43.2,5942
2019-09-19,43.24,43.55,42.66,42.9,5381
2019-09-20,43.11,43.81,42.91,43.2,6154
2019-09-23,43.38,44.07,42.81,43.37,5450
2019-09-24,43.59,43.73,41.05,41.37,8182
2019-09-25,41.67,42.76,41.16,42.49,6272
2019-09-26,42.24,42.47,41.7,42.41,5713
2019-09-27,42.53,42.57,40.56,41.32,7126
2019-09-30,41.33,41.46,40.8,41.18,5883
2019-10-01,41.35,41.55,40.02,40.23,5879
2019-10-02,39.97,39.99,39.24,39.69,6258
2019-10-03,39.54,40.14,38.59,40.02,6862
2019-10-04,40.36,40.56,39.81,40.34,5020
2019-10-07,40.25,40.85,40.04,40.79,4862
2019-10-08,40.31,40.46,39.67,39.67,6702
2019-10-09,39.87,40.04,39.21,39.45,4240
2019-10-10,39.25,39.87,39.25,39.49,4766
2019-10-11,39.98,40.68,39.79,40.33,5012
2019-10-14,40.25,40.45,39.44,39.75,3720
2019-10-15,39.51,40.38,39.34,40.25,3759
2019-10-16,39.9,40.44,39.57,39.88,4116
2019-10-17,40.09,40.13,39.39,39.6,4381
2019-10-18,39.77,39.9,38.27,38.98,5384
2019-10-21,39.29,40.28,39.29,40.09,3801
2019-10-22,40.22,40.25,38.76,38.82,5036
2019-10-23,38.94,39.44,37.76,38.82,6111
2019-10-24,31.9,32.38,30.49,30.74,6093
2019-10-25,30.96,30.99,29.92,30.28,4108
2019-10-28,30.49,30.63,29.75,30.05,3982
2019-10-29,29.97,30.35,29.81,29.85,2940
2019-10-30,30.05,30.16,29.71,29.86,3671
2019-10-31,29.35,29.96,28.83,29.95,3791
2019-11-01,29.97,30.23,29.4,29.61,2903
2019-11-04,29.72,30.14,29.59,30.03,3425
2019-11-05,30.13,30.33,29.7,29.81,2483
2019-11-06,29.72,29.88,29.39,29.53,2731
2019-11-07,28.82,29.58,28.63,29.02,3362
2019-11-08,29.09,29.41,29.03,29.2,3138
2019-11-11,29.02,29.34,28.91,29.31,17651
2019-11-12,29.34,29.49,28.92,29.03,18695
2019-11-13,28.95,29.28,28.92,29.07,17258
2019-11-14,29.11,29.36,28.72,28.88,17706
2019-11-15,29.03,29.42,28.89,29.24,17601
2019-11-18,29.22,29.73,28.99,29.47,18558
2019-11-19,29.66,29.66,29.17,29.43,17897
2019-11-20,29.2,29.47,28.87,29.14,19469
2019-11-21,29.31,30.48,29.16,29.79,20092
2019-11-22,29.88,30.16,29.56,30.03,17508
2019-11-25,30.07,30.56,30.03,30.54,2319
2019-11-26,30.51,30.97,30.39,30.94,2802
2019-11-27,30.99,31.34,30.95,31.16,3082
2019-11-29,30.98,31.12,30.77,30.89,1668
2019-12-02,30.82,30.91,29.96,30.4,4376
2019-12-03,29.87,29.99,29.47,29.93,3330
2019-12-04,30.11,30.31,29.9,29.99,3025
2019-12-05,30.07,30.34,29.9,30.03,2465
2019-12-06,30.34,30.45,29.97,30.16,3098
2019-12-09,30.11,30.73,30.11,30.22,2719
2019-12-10,30.19,30.24,29.76,29.82,2520
2019-12-11,29.85,30.58,29.84,30.56,1977
2019-12-12,30.39,30.58,29.92,30.3,2794
2019-12-13,30.24,30.6,30.24,30.37,2760
2019-12-16,30.61,31.26,30.39,30.96,2248
2019-12-17,31.09,31.17,30.61,30.68,2031
2019-12-18,30.62,31.88,30.62,31.67,2038
2019-12-19,31.81,32.39,31.59,32.0,2414
2019-12-20,32.05,32.23,31.53,32.11,2437
2019-12-23,32.2,32.79,31.98,32.44,2453
2019-12-24,32.49,32.71,32.41,32.48,1035
2019-12-26,32.61,32.87,32.4,32.61,2026
2019-12-27,32.8,32.82,32.19,32.53,2312
2019-12-30,32.44,32.46,31.81,32.01,3263
2019-12-31,31.79,32.31,31.76,32.03,2603
2020-01-02,32.25,32.48,31.93,32.28,2891
2020-01-03,31.81,32.09,31.27,31.52,2794
2020-01-06,31.22,31.69,31.16,31.63,2533
2020-01-07,31.76,32.68,31.71,32.52,2617
2020-01-08,32.35,33.38,32.34,33.04,2657
2020-01-09,33.4,33.43,32.99,33.2,2064
2020-01-10,32.91,32.99,32.44,32.78,2572
2020-01-13,32.94,32.99,32.49,32.67,2101
2020-01-14,32.66,33.1,32.63,32.79,2413
2020-01-15,33.09,33.49,32.96,33.21,2733
2020-01-16,33.32,34.25,33.01,34.18,2945
2020-01-17,33.85,34.37,33.57,34.2,3019
2020-01-21,33.94,34.37,33.86,34.08,16116
2020-01-22,34.28,34.51,33.94,34.01,17583
2020-01-23,33.95,34.35,33.71,33.89,17691
2020-01-24,34.03,34.06,32.96,33.18,19280
2020-01-27,32.23,32.92,32.22,32.78,18619
2020-01-28,33.06,33.65,32.84,33.42,17411
2020-01-29,33.58,33.87,33.28,33.62,17243
2020-01-30,32.52,33.22,32.37,33.21,18400
2020-01-31,33.1,33.1,32.08,32.49,19594
2020-02-03,32.72,33.23,32.6,33.05,18368
2020-02-04,33.72,34.11,33.39,33.97,18339
2020-02-05,33.89,33.97,33.18,33.36,19158
2020-02-06,37.4,39.63,37.39,38.39,22021
2020-02-07,37.87,38.12,36.83,37.01,19733
2020-02-10,36.61,36.82,35.64,35.92,4410
2020-02-11,36.08,36.26,35.52,35.64,3507
2020-02-12,36.41,36.99,36.28,36.78,3345
2020-02-13,36.37,37.31,36.2,37.14,3696
2020-02-14,37.08,37.34,36.58,36.91,2759
2020-02-18,36.74,38.06,36.68,38.05,3485
2020-02-19,37.96,38.91,37.91,38.78,3458
2020-02-20,38.73,39.03,37.93,39.03,4909
2020-02-21,38.64,38.71,38.03,38.28,5093
2020-02-24,35.9,36.44,35.29,35.88,20179
2020-02-25,36.15,36.44,34.87,35.21,22042
2020-02-26,35.33,35.81,34.42,34.63,21922
2020-02-27,33.81,34.19,32.47,33.06,23187
2020-02-28,31.92,33.19,31.49,32.97,23963
2020-03-02,36.09,36.79,35.13,35.83,22336
2020-03-03,35.93,36.47,34.38,34.9,22529
2020-03-04,35.47,35.99,34.74,35.98,21277
2020-03-05,34.96,35.72,34.5,35.03,21855
2020-03-06,33.62,33.96,32.51,33.41,22346
2020-03-09,30.87,35.35,30.87,32.51,14455
2020-03-10,33.67,34.76,33.07,34.19,15442
2020-03-11,33.28,33.43,30.0,31.34,12227
2020-03-12,28.96,29.67,26.69,26.69,13727
2020-03-13,28.49,29.01,26.39,28.96,10670
2020-03-16,25.54,28.35,23.88,23.88,17900
2020-03-17,24.5,25.83,23.15,24.38,22807
2020-03-18,22.76,23.46,19.99,21.8,21385
2020-03-19,21.87,25.15,20.63,23.96,24327
2020-03-20,24.85,25.85,23.69,23.93,24660
2020-03-23,23.78,25.21,23.49,24.63,23690
2020-03-24,25.38,26.45,24.13,25.85,22826
2020-03-25,25.59,27.45,24.51,25.9,25204
2020-03-26,26.48,27.03,25.55,26.32,29006
2020-03-27,25.58,25.83,24.72,25.29,23357
2020-03-30,25.23,25.95,24.55,25.55,23127
2020-03-31,25.47,26.36,24.36,24.59,20582
2020-04-01,23.54,24.42,23.01,23.3,17035
2020-04-02,23.13,23.59,22.28,22.97,20472
2020-04-03,23.76,24.32,22.7,23.09,17670
2020-04-06,23.95,25.07,23.74,24.89,14853
2020-04-07,26.19,26.87,25.27,25.56,21109
2020-04-08,26.54,28.45,25.87,27.87,17204
2020-04-09,28.41,29.06,27.24,27.79,22323
2020-04-13,27.4,27.51,26.17,27.16,14061
2020-04-14,28.0,28.42,27.56,27.94,13952
2020-04-15,27.1,27.65,26.74,27.51,14187
2020-04-16,26.78,27.18,25.91,26.49,14911
2020-04-17,27.29,27.93,26.46,26.69,13239
2020-04-20,26.2,27.51,26.06,27.0,14435
2020-04-21,26.53,26.72,25.01,25.71,15574
2020-04-22,26.89,28.51,26.41,28.39,14972
2020-04-23,28.49,28.84,27.68,27.82,19012
2020-04-24,27.96,28.84,27.41,28.74,13175
2020-04-27,29.41,30.41,29.27,29.97,13609
2020-04-28,30.16,30.22,28.53,28.8,15999
2020-04-29,29.94,31.52,29.6,31.09,17980
2020-04-30,28.77,30.56,28.04,28.68,18172
2020-05-01,28.1,28.46,27.16,27.85,14408
2020-05-04,27.49,28.44,27.31,28.19,11885
2020-05-05,28.59,28.73,27.86,28.01,11580
2020-05-06,28.3,28.43,27.51,27.69,12130
2020-05-07,28.04,28.79,27.88,28.77,8372
2020-05-08,29.02,29.96,28.69,29.92,8830
2020-05-11,29.65,30.09,29.3,29.68,9897
2020-05-12,29.88,29.95,29.01,29.14,12880
2020-05-13,29.07,29.69,27.55,28.12,18721
2020-05-14,27.71,28.55,27.07,28.54,17531
2020-05-15,28.26,29.26,28.05,28.98,15549
2020-05-18,29.86,30.28,29.52,29.63,11532
2020-05-19,29.47,30.37,29.24,29.86,11814
2020-05-20,30.57,32.36,30.43,32.19,12615
2020-05-21,32.13,32.62,31.34,32.32,16137
2020-05-22,32.29,32.76,31.72,32.6,11672
2020-05-26,33.71,34.26,33.34,33.99,9410
2020-05-27,33.67,33.89,32.23,33.04,15184
2020-05-28,31.61,32.68,31.48,31.56,13483
2020-05-29,31.39,31.4,30.24,30.96,15540
2020-06-01,30.8,32.1,30.8,31.86,9844
2020-06-02,31.9,32.43,31.58,32.23,10552
2020-06-03,32.75,35.04,32.41,34.88,10576
2020-06-04,34.56,34.91,33.31,33.71,14023
2020-06-05,34.67,35.97,34.44,34.84,13333
2020-06-08,35.85,36.94,35.77,36.62,10963
2020-06-09,35.64,36.19,35.13,35.9,11871
2020-06-10,36.28,36.4,34.88,35.11,15695
2020-06-11,33.17,34.45,32.72,33.01,20942
2020-06-12,33.86,34.16,32.45,33.36,25989
2020-06-15,33.2,34.18,32.94,34.09,17440
2020-06-16,35.24,35.24,34.18,34.59,17234
2020-06-17,34.34,34.8,34.0,34.33,13046
2020-06-18,34.18,34.44,33.83,34.03,11070
2020-06-19,34.36,34.95,33.38,33.38,12186
2020-06-22,33.55,33.62,32.93,33.44,10456
2020-06-23,33.72,33.72,32.71,32.88,9765
2020-06-24,32.6,33.05,31.31,31.7,12969
2020-06-25,31.49,31.61,30.79,31.35,12252
2020-06-26,31.14,31.26,28.73,29.03,16482
2020-06-29,28.5,30.04,28.21,29.48,13105
2020-06-30,29.47,29.8,29.0,29.79,9268
2020-07-01,30.37,31.16,30.15,30.79,9976
2020-07-02,31.3,31.31,30.37,30.85,8441
2020-07-06,31.4,32.81,31.13,32.32,8275
2020-07-07,31.76,33.67,31.75,32.96,10102
2020-07-08,33.08,36.97,32.69,35.36,29389
2020-07-09,36.02,36.18,34.77,35.69,18328
2020-07-10,35.5,35.76,34.83,35.37,14042
2020-07-13,35.59,36.19,33.74,33.79,18299
2020-07-14,33.36,34.66,33.24,34.39,18759
2020-07-15,34.81,35.8,34.6,35.65,14997
2020-07-16,34.43,35.57,34.14,35.27,16235
2020-07-17,35.27,35.99,34.7,35.79,10252
2020-07-20,35.82,37.17,35.82,37.03,11303
2020-07-21,37.68,38.47,36.98,36.99,17278
2020-07-22,37.03,37.4,36.31,36.91,11175
2020-07-23,38.09,40.25,37.63,38.4,22672
2020-07-24,38.26,38.37,37.1,37.54,18962
2020-07-27,37.45,37.46,36.06,36.81,13990
2020-07-28,36.76,37.32,36.6,36.64,9207
2020-07-29,36.84,37.25,36.69,37.12,9309
2020-07-30,36.65,37.09,36.36,36.67,9949
2020-07-31,37.19,37.23,35.94,36.36,13282
2020-08-03,36.41,36.89,35.89,36.37,9569
2020-08-04,35.99,36.61,35.62,36.34,9736
2020-08-05,36.46,37.34,36.35,36.83,8451
2020-08-06,36.81,37.81,36.47,37.63,8949
2020-08-07,37.38,38.02,36.72,37.11,12046
2020-08-10,38.22,39.15,37.28,37.39,15498
2020-08-11,37.32,38.92,36.68,37.24,17846
2020-08-12,37.43,37.91,36.79,37.4,9942
2020-08-13,37.45,38.27,37.42,37.79,12501
2020-08-14,37.65,37.95,37.24,37.87,11654
2020-08-17,37.81,38.09,37.24,37.94,6678
2020-08-18,37.98,38.44,37.72,37.98,9126
2020-08-19,38.05,39.52,37.89,38.92,12679
2020-08-20,38.36,39.0,38.23,38.97,8138
2020-08-21,38.94,39.39,38.67,39.24,9560
2020-08-24,39.69,40.79,39.55,40.48,13328
2020-08-25,40.19,40.69,39.29,40.49,10262
2020-08-26,40.49,41.32,40.14,41.07,10964
2020-08-27,40.97,41.06,40.04,40.38,12057
2020-08-28,40.51,41.16,40.39,41.09,8988
2020-08-31,40.83,41.06,40.54,40.63,8391
2020-09-01,40.28,41.25,40.06,41.13,10961
2020-09-02,41.49,44.09,41.33,43.63,20620
2020-09-03,42.59,42.79,40.89,41.69,28236
2020-09-04,41.31,41.45,38.38,39.85,26043
2020-09-08,38.48,39.18,38.08,38.14,22122
2020-09-09,38.83,39.81,38.31,39.55,15171
2020-09-10,39.95,40.4,38.79,38.98,19611
2020-09-11,39.07,39.49,38.49,38.96,18504
2020-09-14,39.03,39.59,38.54,38.73,11327
2020-09-15,39.06,39.16,38.21,39.1,10479
2020-09-16,39.34,40.86,39.0,39.56,14154
2020-09-17,38.85,39.53,38.57,39.37,17188
2020-09-18,39.06,40.25,38.92,40.15,13275
2020-09-21,39.96,40.19,39.19,39.92,15532
2020-09-22,40.34,42.83,40.09,42.73,15145
2020-09-23,43.78,46.81,43.78,45.46,26032
2020-09-24,44.81,45.06,42.63,43.06,23115
2020-09-25,42.84,44.02,42.54,43.89,15446
2020-09-28,44.22,44.32,43.59,44.11,8516
2020-09-29,44.3,45.5,44.28,44.82,8255
2020-09-30,44.62,45.08,43.95,44.61,9290
2020-10-01,45.04,46.68,44.85,46.65,14701
2020-10-02,45.68,46.89,45.67,46.15,18398
2020-10-05,46.55,47.49,46.1,47.29,10369
2020-10-06,47.0,47.87,45.0,45.62,16255
2020-10-07,46.1,46.36,45.71,45.85,8606
2020-10-08,46.12,46.43,45.53,46.05,8562
2020-10-09,46.19,46.33,45.64,45.85,7656
2020-10-12,47.57,48.65,47.55,48.19,14268
2020-10-13,48.1,48.27,46.97,46.98,14241
2020-10-14,47.41,47.54,45.59,45.9,10766
2020-10-15,45.02,46.09,44.29,46.02,15007
2020-10-16,46.2,46.42,45.03,45.82,12569
2020-10-19,46.08,46.3,45.22,45.8,15113
2020-10-20,45.77,46.78,45.24,46.36,12959
2020-10-21,48.78,50.51,48.78,50.2,19208
2020-10-22,50.21,50.34,48.07,50.22,15929
2020-10-23,50.11,50.49,48.9,50.42,14332
2020-10-26,49.96,50.63,48.37,48.93,13588
2020-10-27,49.01,51.51,48.98,51.31,11545
2020-10-28,49.58,49.89,48.22,48.6,15176
2020-10-29,51.61,52.93,50.55,52.49,16107
2020-10-30,44.25,45.15,40.83,41.31,16157
2020-11-02,40.6,41.56,38.9,39.44,11059
2020-11-03,40.03,42.12,39.79,41.73,12212
2020-11-04,41.97,42.93,40.82,42.72,13573
2020-11-05,43.42,44.04,42.57,43.79,10484
2020-11-06,43.45,44.18,42.79,43.1,8808
2020-11-09,44.69,45.18,43.1,43.12,11421
2020-11-10,43.11,43.95,41.55,42.34,10774
2020-11-11,41.71,43.73,41.68,43.73,7453
2020-11-12,43.38,44.12,42.65,42.74,7244
2020-11-13,43.03,43.52,42.37,43.48,6559
2020-11-16,43.32,43.52,42.41,42.65,5943
2020-11-17,42.48,43.42,42.46,42.94,5820
2020-11-18,42.78,44.29,41.29,43.4,6670
2020-11-19,43.07,43.86,42.81,43.63,5759
2020-11-20,43.33,45.31,43.32,44.7,6823
2020-11-23,45.29,45.36,44.14,44.93,6026
2020-11-24,45.02,45.43,44.45,45.21,5295
2020-11-25,45.16,46.83,44.83,46.39,7388
2020-11-27,46.26,47.0,46.16,46.57,3648
2020-11-30,46.02,46.51,44.87,46.48,6160
2020-12-01,46.62,47.26,45.76,46.71,7225
2020-12-02,46.04,47.93,45.02,47.24,6755
2020-12-03,47.09,48.16,46.94,47.75,7490
2020-12-04,47.84,48.33,47.65,47.72,5422
2020-12-07,47.16,48.32,47.01,47.89,5522
2020-12-08,48.02,48.07,46.87,47.44,5609
2020-12-09,47.59,48.73,46.9,47.31,9324
2020-12-10,46.74,51.73,46.48,51.21,12543
2020-12-11,50.26,52.44,49.89,51.42,10180
2020-12-14,52.01,53.48,51.77,51.99,9947
2020-12-15,51.97,52.95,51.53,52.8,8365
2020-12-16,55.18,56.09,53.61,53.95,11489
2020-12-17,54.22,55.17,53.86,54.6,8569
2020-12-18,54.64,56.08,54.2,55.87,8747
2020-12-21,55.19,55.64,53.56,54.62,9873
2020-12-22,54.77,55.67,54.35,54.89,9146
2020-12-23,54.96,55.07,54.16,54.26,5547
2020-12-24,54.23,55.16,53.82,53.94,3627
2020-12-28,54.75,55.15,53.9,54.4,5680
2020-12-29,54.49,55.38,53.48,54.35,6662
2020-12-30,54.58,54.88,54.11,54.3,5926
2020-12-31,54.18,54.27,53.7,54.11,5307
2021-01-04,54.23,55.47,53.55,54.51,10390
2021-01-05,53.74,54.49,53.24,53.86,8171
2021-01-06,53.12,54.51,52.42,53.21,9003
2021-01-07,52.39,53.33,51.42,52.3,10417
2021-01-08,52.33,52.67,50.17,51.47,9479
2021-01-11,46.01,49.46,45.88,48.14,10361
2021-01-12,48.31,49.07,46.53,47.04,7967
2021-01-13,47.74,48.39,47.0,47.18,8711
2021-01-14,47.42,47.62,45.42,45.77,8049
2021-01-15,45.99,46.19,45.06,45.15,9441
2021-01-19,45.09,46.17,44.38,45.88,8704
2021-01-20,46.33,47.91,46.14,47.59,8981
2021-01-21,47.67,47.99,46.48,47.11,9405
2021-01-22,46.95,48.18,46.67,48.08,7598
2021-01-25,48.89,48.94,46.98,47.77,11844
2021-01-26,47.93,52.05,47.91,49.62,11619
2021-01-27,50.16,50.22,47.98,48.0,14899
2021-01-28,49.31,52.24,47.5,51.52,14995
2021-01-29,50.98,52.94,49.84,50.48,14358
2021-02-01,52.12,52.74,51.07,52.64,8950
2021-02-02,52.77,54.86,52.33,54.04,9004
2021-02-03,52.48,55.19,52.48,54.61,9519
2021-02-04,54.59,56.49,54.36,56.44,8160
2021-02-05,56.16,57.42,54.92,56.69,9988
2021-02-08,58.08,59.49,57.36,58.08,11141
2021-02-09,58.45,60.7,57.54,59.84,13139
2021-02-10,67.02,69.09,63.18,67.73,17150
2021-02-11,67.98,68.94,66.55,68.68,14820
2021-02-12,68.49,73.17,66.64,71.88,12604
2021-02-16,72.19,74.83,71.21,73.95,11921
2021-02-17,72.92,73.19,70.1,71.82,14125
2021-02-18,70.81,72.9,70.32,72.26,12723
2021-02-19,72.46,74.95,71.87,72.17,13303
2021-02-22,72.62,73.71,70.46,70.49,14153
2021-02-23,67.56,74.3,66.16,73.41,16790
2021-02-24,71.49,73.9,71.48,71.89,17507
2021-02-25,77.77,80.62,73.81,74.47,20155
2021-02-26,75.35,79.0,74.86,77.11,21695
2021-03-01,77.21,78.18,75.98,77.71,14457
2021-03-02,76.68,77.07,73.55,73.66,16994
2021-03-03,73.24,74.31,70.58,70.83,11291
2021-03-04,70.62,71.72,65.89,66.69,17096
2021-03-05,65.85,67.42,61.46,66.96,14085
2021-03-08,66.66,68.61,63.49,63.49,15376
2021-03-09,65.88,68.21,64.53,67.69,12468
2021-03-10,68.08,69.31,64.58,64.69,15551
2021-03-11,66.16,68.73,65.72,68.41,10778
2021-03-12,67.24,68.79,66.56,68.11,12490
2021-03-15,67.75,70.47,67.13,70.37,10442
2021-03-16,70.89,71.78,68.52,69.16,11621
2021-03-17,68.17,70.8,66.9,70.16,10797
2021-03-18,69.39,69.87,66.67,66.72,11210
2021-03-19,66.73,67.04,65.71,66.24,12060
2021-03-22,66.01,66.48,64.31,65.2,11414
2021-03-23,64.96,65.54,63.37,64.29,12185
2021-03-24,64.64,64.67,62.06,62.11,13774
2021-03-25,59.98,62.01,59.55,61.16,15450
2021-03-26,61.36,61.83,59.22,61.26,14799
2021-03-29,63.85,64.88,62.03,62.87,13849
2021-03-30,62.36,64.09,61.85,62.86,13075
2021-03-31,63.89,64.95,63.25,63.69,11684
2021-04-01,65.35,66.32,63.61,63.85,12469
2021-04-05,62.7,64.33,61.76,64.19,10398
2021-04-06,64.31,67.64,63.51,66.97,12792
2021-04-07,66.53,69.91,66.02,68.97,14259
2021-04-08,69.67,71.45,68.14,71.21,12625
2021-04-09,69.9,71.45,69.84,71.11,10866
2021-04-12,71.45,71.8,69.62,70.84,11591
2021-04-13,71.42,72.74,70.69,72.43,12444
2021-04-14,72.48,73.18,69.54,69.7,14152
2021-04-15,70.37,71.87,69.98,71.74,11876
2021-04-16,71.98,71.98,69.64,70.12,11218
2021-04-19,69.56,69.87,66.77,67.98,13445
2021-04-20,67.96,67.96,65.18,65.86,12435
2021-04-21,65.16,67.35,63.75,67.31,10987
2021-04-22,66.98,67.42,64.05,64.3,14281
2021-04-23,65.45,67.12,65.38,67.01,10387
2021-04-26,67.12,67.17,65.82,66.63,9698
2021-04-27,67.01,68.26,66.05,66.06,10154
2021-04-28,65.17,66.51,63.67,65.75,11751
2021-04-29,66.83,66.99,63.93,65.02,13011
2021-04-30,55.94,57.56,55.02,55.1,12839
2021-05-03,54.89,55.03,52.66,54.57,12502
2021-05-04,55.26,55.69,53.13,54.37,14896
2021-05-05,54.86,54.92,53.28,53.53,10728
2021-05-06,53.21,53.84,52.3,53.8,13073
2021-05-07,54.68,54.92,53.35,53.73,11814
2021-05-10,52.48,52.62,51.59,51.82,10364
2021-05-11,48.69,53.17,48.69,52.86,14340
2021-05-12,51.75,52.36,50.03,50.73,13580
2021-05-13,51.48,51.73,49.08,50.13,13411
2021-05-14,50.52,51.9,50.13,51.72,9641
2021-05-17,52.17,52.73,51.24,52.61,11791
2021-05-18,52.65,55.06,52.38,53.23,12890
2021-05-19,51.81,53.05,51.64,52.89,15511
2021-05-20,53.33,54.91,53.27,54.73,10269
2021-05-21,54.83,54.86,53.91,54.46,10015
2021-05-24,54.9,57.32,54.85,56.91,8791
2021-05-25,57.25,57.62,56.5,57.0,11409
2021-05-26,57.33,58.61,56.79,57.83,9331
2021-05-27,57.58,58.29,57.0,58.18,9171
2021-05-28,58.11,58.55,57.79,57.99,8423
2021-06-01,57.83,57.9,56.25,57.42,8938
2021-06-02,57.08,57.62,56.29,57.14,9029
2021-06-03,56.84,58.64,55.8,57.03,12140
2021-06-04,57.31,59.3,57.21,58.94,9895
2021-06-07,58.57,59.82,57.68,59.69,8968
2021-06-08,60.01,60.04,57.79,58.9,9962
2021-06-09,59.65,61.05,59.39,59.75,9805
2021-06-10,59.66,60.38,57.51,60.3,10959
2021-06-11,60.04,60.6,57.72,60.45,9179
2021-06-14,60.71,61.54,60.42,60.82,7819
2021-06-15,60.99,61.32,60.18,60.22,8672
2021-06-16,59.26,61.12,59.03,59.86,11938
2021-06-17,59.49,61.61,57.9,60.7,12432
2021-06-18,58.68,60.91,58.64,60.8,12033
2021-06-21,59.87,62.07,59.68,61.92,10927
2021-06-22,62.71,64.01,62.11,63.77,7683
2021-06-23,63.74,66.74,63.73,66.49,11364
2021-06-24,65.5,68.72,65.46,68.23,11727
2021-06-25,68.1,68.89,65.42,67.79,10138
